Image,Username,Bio,Link to Profile
https://scontent-atl3-1.xx.fbcdn.net/v/t39.30808-1/218726601_989168645216185_8591561894260736976_n.jpg?stp=cp0_dst-jpg_p80x80&_nc_cat=108&ccb=1-7&_nc_sid=befaf1&_nc_ohc=qNC2QP3bNL4AX9Ni9Ou&_nc_ht=scontent-atl3-1.xx&oh=00_AfCIlUolppqj2zeRQanTwjgIiyo3kU6IAWkNRDn7uSjwtg&oe=6509A124,n/a,n/a,https://www.facebook.com/turky.alzuhery.7
https://scontent-atl3-2.xx.fbcdn.net/v/t1.18169-1/14523116_187957251656484_5078901908759652937_n.jpg?stp=c0.0.80.80a_cp0_dst-jpg_p80x80&_nc_cat=105&ccb=1-7&_nc_sid=3e7bcd&_nc_ohc=eWKW4a1YwVQAX-ny75d&_nc_ht=scontent-atl3-2.xx&oh=00_AfAL5V_-5I0qSXeMfSmrlQXitz09Kp1jbwiuc0krtLMw5Q&oe=652B8E19,n/a,n/a,https://www.facebook.com/profile.php?id=100013266301076
https://scontent-atl3-1.xx.fbcdn.net/v/t39.30808-1/350107932_270213749087968_95347098840724480_n.jpg?stp=cp0_dst-jpg_p80x80&_nc_cat=108&ccb=1-7&_nc_sid=befaf1&_nc_ohc=yhgg5R2mByUAX80SGLG&_nc_ht=scontent-atl3-1.xx&oh=00_AfDHXMGA1KGjttAXN_xrR935X2VpSH1I76Jo3rEEusUymQ&oe=65080F91,n/a,n/a,https://www.facebook.com/profile.php?id=100082980356878
https://scontent-atl3-2.xx.fbcdn.net/v/t1.6435-1/80891612_106663957519295_2442927550574362624_n.jpg?stp=cp0_dst-jpg_p80x80&_nc_cat=111&ccb=1-7&_nc_sid=3e7bcd&_nc_ohc=G7wXZmS1H5oAX9SXlKt&_nc_ht=scontent-atl3-2.xx&oh=00_AfB75KJBEGnvmp0-H23x1saQrXpgLKGu1D_s9MTSJgWecg&oe=652B76B2,n/a,n/a,https://www.facebook.com/profile.php?id=100045270733810
https://scontent-atl3-2.xx.fbcdn.net/v/t39.30808-1/305039370_101170686077010_2405736035088422023_n.jpg?stp=cp0_dst-jpg_p80x80&_nc_cat=102&ccb=1-7&_nc_sid=befaf1&_nc_ohc=-4N9dn0f_VYAX-o5kj9&_nc_ht=scontent-atl3-2.xx&oh=00_AfCb7dU13rKl6XAwBH9hxpUcky9_ZZX1pNbrER1WjUb2lg&oe=6509CCDE,n/a,n/a,https://www.facebook.com/profile.php?id=100085522353746
https://scontent-atl3-1.xx.fbcdn.net/v/t39.30808-1/279485777_806805876965951_9072568116081361663_n.jpg?stp=cp0_dst-jpg_p80x80&_nc_cat=109&ccb=1-7&_nc_sid=befaf1&_nc_ohc=V5BP8qJ-Nj4AX-E2YcZ&_nc_ht=scontent-atl3-1.xx&oh=00_AfAvpQDOIwsN_4jfvFZq0fI8bBePR8cJjoqQx5lDaFosbw&oe=6508954C,n/a,n/a,https://www.facebook.com/profile.php?id=100029096370824
https://scontent-atl3-1.xx.fbcdn.net/v/t1.18169-1/26733620_1996234420593127_4724929947668776805_n.jpg?stp=cp0_dst-jpg_p80x80&_nc_cat=106&ccb=1-7&_nc_sid=3e7bcd&_nc_ohc=Qoo_NWUqJkgAX9W6QVf&_nc_ht=scontent-atl3-1.xx&oh=00_AfCxow67QOSuGDAIrvuv0CjPn3e61yzVH8gdU_cliiHrww&oe=652B6B1D,n/a,n/a,https://www.facebook.com/mohamed.elseady.927
https://scontent-atl3-1.xx.fbcdn.net/v/t1.6435-1/89191006_101848598113937_8428293957376540672_n.jpg?stp=cp0_dst-jpg_p80x80&_nc_cat=110&ccb=1-7&_nc_sid=3e7bcd&_nc_ohc=SLSfGQcfLjkAX-vzakW&_nc_ht=scontent-atl3-1.xx&oh=00_AfCcxsazjh98YwGlHAPy934I2ruRef51wDqqcTE4jcuy2g&oe=652B937E,n/a,n/a,https://www.facebook.com/mohamed.hermassi.77
https://scontent-atl3-1.xx.fbcdn.net/v/t39.30808-1/281722893_5346918655357683_776437332815820720_n.jpg?stp=c20.0.80.80a_cp0_dst-jpg_p80x80&_nc_cat=108&ccb=1-7&_nc_sid=befaf1&_nc_ohc=XjKGggTnDTMAX_jb1Gc&_nc_ht=scontent-atl3-1.xx&oh=00_AfBcY17TLZVLJ-hM22ZTx8ovYrH-NxPQda5kf9Mt4ojJYA&oe=65080A8D,n/a,n/a,https://www.facebook.com/abdelkarim.abdellatif.1
https://scontent-atl3-1.xx.fbcdn.net/v/t39.30808-1/335212653_231841269231734_4562744260027663703_n.jpg?stp=cp0_dst-jpg_p80x80&_nc_cat=109&ccb=1-7&_nc_sid=befaf1&_nc_ohc=KCBt_2b28wQAX_Q7w9e&_nc_ht=scontent-atl3-1.xx&oh=00_AfA-hwypoQy_kK-ovN4kLM5SJwsw0tTnKzt7sXZ9VgYljQ&oe=65085133,n/a,n/a,https://www.facebook.com/profile.php?id=100012734951570
https://scontent-atl3-2.xx.fbcdn.net/v/t39.30808-1/352527788_114802448302085_655366441208211675_n.jpg?stp=cp0_dst-jpg_p80x80&_nc_cat=101&ccb=1-7&_nc_sid=befaf1&_nc_ohc=73avtZ0P6HAAX9kdhRh&_nc_ht=scontent-atl3-2.xx&oh=00_AfALsaSEdbeUHqaSVFdSBGDv4r9HsHsYtMI6Q3QEFF4Giw&oe=650973FC,n/a,n/a,https://www.facebook.com/abdelhadi.benabdellah.3
https://scontent-atl3-2.xx.fbcdn.net/v/t39.30808-1/314600596_5571054249646481_6292374966457698568_n.jpg?stp=cp0_dst-jpg_p80x80&_nc_cat=105&ccb=1-7&_nc_sid=befaf1&_nc_ohc=POcHqPK3FagAX-sFQdY&_nc_ht=scontent-atl3-2.xx&oh=00_AfAxRKPmOD0rmRKcndek-mS-IU0Pc45JDzO1VHo7YEZbMw&oe=6509AB3A,n/a,n/a,https://www.facebook.com/algohary.mohamed
https://scontent-atl3-2.xx.fbcdn.net/v/t39.30808-1/273969482_2255619117923788_4350267830207337551_n.jpg?stp=c1.0.80.80a_cp0_dst-jpg_p80x80&_nc_cat=101&ccb=1-7&_nc_sid=befaf1&_nc_ohc=VLX0135cNhYAX-rNVvm&_nc_ht=scontent-atl3-2.xx&oh=00_AfBA-1CKneag7J294B3qNF5uVn8noZ2I-Ssb4K-L4liPHA&oe=6509C14C,n/a,n/a,https://www.facebook.com/fuad.usf.7
https://scontent-atl3-1.xx.fbcdn.net/v/t1.6435-1/123049114_10158673986084378_8010483354294549203_n.jpg?stp=cp0_dst-jpg_p80x80&_nc_cat=103&ccb=1-7&_nc_sid=3e7bcd&_nc_ohc=_odiycOMX74AX-BhJSK&_nc_ht=scontent-atl3-1.xx&oh=00_AfD3l_nNhLr_nrTlmAd5MVnmRWShF6lZ35d6X6NHJOHz7A&oe=652B9684,n/a,n/a,https://www.facebook.com/mohamed.emara2
https://scontent-atl3-1.xx.fbcdn.net/v/t39.30808-1/373615739_623193786625427_1861174951159467441_n.jpg?stp=c0.0.80.80a_cp0_dst-jpg_p80x80&_nc_cat=110&ccb=1-7&_nc_sid=befaf1&_nc_ohc=2tbqzb7wKZUAX-xayuu&_nc_ht=scontent-atl3-1.xx&oh=00_AfCoN2HUlYQPiigO3pZBVI8XQAO1hM1aE2KOD1RdSXzhng&oe=6509FD44,n/a,n/a,https://www.facebook.com/profile.php?id=100068044345547
https://scontent-atl3-2.xx.fbcdn.net/v/t1.6435-1/166245295_755544045151115_8681303084711978229_n.jpg?stp=cp0_dst-jpg_p80x80&_nc_cat=101&ccb=1-7&_nc_sid=3e7bcd&_nc_ohc=B8I87dRQjzEAX-M1D6K&_nc_ht=scontent-atl3-2.xx&oh=00_AfDhCEwM9rVQ4GyY1IkT_KOTsmoH8IzSOizQ4sMDtko8iA&oe=652B9369,n/a,n/a,https://www.facebook.com/profile.php?id=100020865782918
https://scontent-atl3-2.xx.fbcdn.net/v/t1.6435-1/56990278_2264085020474685_1499099351882924032_n.jpg?stp=cp0_dst-jpg_p80x80&_nc_cat=104&ccb=1-7&_nc_sid=3e7bcd&_nc_ohc=uXKXa6dFXYYAX-7nxOT&_nc_ht=scontent-atl3-2.xx&oh=00_AfDA_TPLtM8CLb9jb-x8_iVTKmm7f07JcjCWCg-iheJT7g&oe=652B8744,n/a,n/a,https://www.facebook.com/profile.php?id=100006196266137
https://scontent-atl3-2.xx.fbcdn.net/v/t1.6435-1/139993813_2825482137767938_2335723401271594323_n.jpg?stp=c24.0.80.80a_cp0_dst-jpg_p80x80&_nc_cat=101&ccb=1-7&_nc_sid=3e7bcd&_nc_ohc=lIXvIAzap6QAX83vdWQ&_nc_ht=scontent-atl3-2.xx&oh=00_AfDRgBQxQ732sSIzqqpoN1UreDdF2Cd9nHEYhVVwyQH3hA&oe=652B6DAF,n/a,n/a,https://www.facebook.com/profile.php?id=100009185399559
https://scontent-atl3-1.xx.fbcdn.net/v/t39.30808-1/355824033_1959605884407548_7889521296627367785_n.jpg?stp=cp0_dst-jpg_p80x80&_nc_cat=110&ccb=1-7&_nc_sid=befaf1&_nc_ohc=T0fwuaGY460AX9tJDwG&_nc_ht=scontent-atl3-1.xx&oh=00_AfBNNrbpB4F-lWdGTtJmY53Z0oPRqBMwm1KM7o23iAQedg&oe=6509E3A6,n/a,n/a,https://www.facebook.com/profile.php?id=100010744669501
https://scontent-atl3-1.xx.fbcdn.net/v/t1.30497-1/143086968_2856368904622192_1959732218791162458_n.png?stp=cp0_dst-png_p80x80&_nc_cat=1&ccb=1-7&_nc_sid=3e7bcd&_nc_ohc=_ab5UjSXWS0AX-sBgzY&_nc_ht=scontent-atl3-1.xx&oh=00_AfC-LIBSM6lONYkojzUHTiTOPoi7TmN1y3h866v-HqHiAw&oe=652B8CF8,n/a,n/a,https://www.facebook.com/profile.php?id=100069356628169
https://scontent-atl3-2.xx.fbcdn.net/v/t39.30808-1/333368794_874068850316143_4666125979702102530_n.jpg?stp=cp0_dst-jpg_p80x80&_nc_cat=101&ccb=1-7&_nc_sid=befaf1&_nc_ohc=0rMJV2cu7_4AX-bvM9T&_nc_ht=scontent-atl3-2.xx&oh=00_AfB7dswK712OHUVKlCA1a8gW-dTJe4A5g-KWTI9iss8Y7Q&oe=65099ADE,n/a,n/a,https://www.facebook.com/mohamed.elfeky.1447342
https://scontent-atl3-1.xx.fbcdn.net/v/t1.6435-1/122456337_3386062424816949_8945355230784470515_n.jpg?stp=cp0_dst-jpg_p80x80&_nc_cat=110&ccb=1-7&_nc_sid=3e7bcd&_nc_ohc=DZq6XT9WCXIAX89XSYh&_nc_ht=scontent-atl3-1.xx&oh=00_AfDEgmCWXhGQgDdkl-7ie3T1p6q1iPB4YKWyEeX-dvLzCg&oe=652B96D8,n/a,n/a,https://www.facebook.com/yasser.anter.980
https://scontent-atl3-1.xx.fbcdn.net/v/t39.30808-1/318509307_880342123309597_1780542511106462185_n.jpg?stp=cp0_dst-jpg_p80x80&_nc_cat=108&ccb=1-7&_nc_sid=befaf1&_nc_ohc=nByarjZb8FYAX9g01hH&_nc_ht=scontent-atl3-1.xx&oh=00_AfB9lsBR4k9QaxTCHio1F12auPNA64tSkd7hKMWi6d4C9Q&oe=6509A787,n/a,n/a,https://www.facebook.com/amr.terek.3
https://scontent-atl3-1.xx.fbcdn.net/v/t1.6435-1/68530429_2434013369975663_6381205775510929408_n.jpg?stp=c1.0.80.80a_cp0_dst-jpg_p80x80&_nc_cat=100&ccb=1-7&_nc_sid=3e7bcd&_nc_ohc=pAfzP2gQJ3EAX9toS8H&_nc_ht=scontent-atl3-1.xx&oh=00_AfD220mQQ2zPrzHEDPc2oybXyykxC7kMh4itzv3qTnJF9w&oe=652B8401,n/a,n/a,https://www.facebook.com/profile.php?id=100001010705662
https://scontent-atl3-2.xx.fbcdn.net/v/t39.30808-1/362586430_1221037951901027_7371580580757056492_n.jpg?stp=cp0_dst-jpg_p80x80&_nc_cat=111&ccb=1-7&_nc_sid=befaf1&_nc_ohc=1CH78u7ujHMAX9FDW38&_nc_ht=scontent-atl3-2.xx&oh=00_AfCBCv_sZnJ20-SlnFJlxPGaDApHPyZX_sioDVdyWOyYzw&oe=6508A3BC,n/a,n/a,https://www.facebook.com/profile.php?id=100019845008934
https://scontent-atl3-1.xx.fbcdn.net/v/t39.30808-1/304941114_3000399343593092_7168013243192249741_n.jpg?stp=c1.0.80.80a_cp0_dst-jpg_p80x80&_nc_cat=103&ccb=1-7&_nc_sid=befaf1&_nc_ohc=HZJmaolEM6wAX9u-ZG9&_nc_ht=scontent-atl3-1.xx&oh=00_AfD1Ji9Ao0iKVHVqvf0vbpVzpaL0UEbD1l8phvKFUxONMw&oe=6509A545,n/a,n/a,https://www.facebook.com/profile.php?id=100008691667236
https://scontent-atl3-1.xx.fbcdn.net/v/t1.6435-1/74696601_714064975773472_7788029103659024384_n.jpg?stp=c0.0.80.80a_cp0_dst-jpg_p80x80&_nc_cat=109&ccb=1-7&_nc_sid=3e7bcd&_nc_ohc=FaNL0zB6-SgAX_7tznn&_nc_ht=scontent-atl3-1.xx&oh=00_AfDn-0Td79yoiVj0Gn-AcWHOd5D8zVqNe-mmEFEkXSwqWQ&oe=652B9A4C,n/a,n/a,https://www.facebook.com/profile.php?id=100015099270683
https://scontent-atl3-2.xx.fbcdn.net/v/t39.30808-1/361593315_825085172568601_4976858931518466260_n.jpg?stp=cp0_dst-jpg_p80x80&_nc_cat=105&ccb=1-7&_nc_sid=befaf1&_nc_ohc=-jz9JFF7vEYAX_MVuEe&_nc_ht=scontent-atl3-2.xx&oh=00_AfAV6Y5NYUQSy9AXJe78sRAUyvbFFRWGbJJEbOCJ-JviqQ&oe=650949E9,n/a,n/a,https://www.facebook.com/bachalartiste.bachalartiste
https://scontent-atl3-1.xx.fbcdn.net/v/t39.30808-1/252816564_1935832213258217_7628039334843610182_n.jpg?stp=cp0_dst-jpg_p80x80&_nc_cat=109&ccb=1-7&_nc_sid=befaf1&_nc_ohc=eYtncBUXwD0AX9p0Wex&_nc_ht=scontent-atl3-1.xx&oh=00_AfCsQXseRMJSllXFTWEkxznaWGqaH7yMP-MmdpD2PfG6DQ&oe=650913D6,n/a,n/a,https://www.facebook.com/marwa.maket
https://scontent-atl3-1.xx.fbcdn.net/v/t39.30808-1/237541354_406942941007152_4458177400714753144_n.jpg?stp=cp0_dst-jpg_p80x80&_nc_cat=107&ccb=1-7&_nc_sid=befaf1&_nc_ohc=19dJfnX4ErsAX-eWeXv&_nc_ht=scontent-atl3-1.xx&oh=00_AfCZ9x9xZyHAdcLfrA10mgnJtGgHrF7mzMx_TPMafWd-4g&oe=65085CC6,n/a,n/a,https://www.facebook.com/profile.php?id=100050743493582
https://scontent-atl3-1.xx.fbcdn.net/v/t39.30808-1/314410523_101977349407063_5100427900056886954_n.jpg?stp=cp0_dst-jpg_p80x80&_nc_cat=109&ccb=1-7&_nc_sid=befaf1&_nc_ohc=Fl-NRJfNtDcAX-8Auqp&_nc_ht=scontent-atl3-1.xx&oh=00_AfAdl4FEvue5S0ytNG96AB-3lH2bnml4xur0Z_Vck0pREQ&oe=65084BBB,n/a,n/a,https://www.facebook.com/profile.php?id=100087843936291
https://scontent-atl3-1.xx.fbcdn.net/v/t39.30808-1/349198670_920537932384533_1867001140950445497_n.jpg?stp=cp0_dst-jpg_p80x80&_nc_cat=100&ccb=1-7&_nc_sid=befaf1&_nc_ohc=aOOFKZpEfTAAX_UWYjD&_nc_oc=AQmNlEms6BFsx1IZIKcJIvIk5qrd5y1d5MNWoSrWOB0tFFe3vlEhqncAVWMGcxQBIWA&_nc_ht=scontent-atl3-1.xx&oh=00_AfB8zuWqnu5RetEqx_NvTZSS5T6g-kNCE-T06pAIthqCmQ&oe=650938E7,n/a,n/a,https://www.facebook.com/profile.php?id=100092946283811
https://scontent-atl3-2.xx.fbcdn.net/v/t1.6435-1/118943491_109453477558514_311394066871914612_n.jpg?stp=cp0_dst-jpg_p80x80&_nc_cat=102&ccb=1-7&_nc_sid=3e7bcd&_nc_ohc=glvTNIYSqucAX-3slUk&_nc_ht=scontent-atl3-2.xx&oh=00_AfAbxJidmPCe-IXhPSJ1-TPFQ94thwOICyTfeHbCasnpBg&oe=652B6F3B,n/a,n/a,https://www.facebook.com/mostafa.smahii
https://scontent-atl3-2.xx.fbcdn.net/v/t39.30808-1/320514301_1435518646854881_756855007887269985_n.jpg?stp=cp0_dst-jpg_p80x80&_nc_cat=111&ccb=1-7&_nc_sid=befaf1&_nc_ohc=bGNbpskOgZ0AX_qcczr&_nc_ht=scontent-atl3-2.xx&oh=00_AfCHJJT8Xh7hpkiGNDYd0Y37n9U6PSEUMVFVuQhoPt6i3w&oe=6508F13F,n/a,n/a,https://www.facebook.com/mednour.habbechi
https://scontent-atl3-2.xx.fbcdn.net/v/t39.30808-1/242651021_377979270635382_3531724726099591796_n.jpg?stp=cp0_dst-jpg_p80x80&_nc_cat=111&ccb=1-7&_nc_sid=befaf1&_nc_ohc=x8MnKUkA0KQAX_2qgVq&_nc_ht=scontent-atl3-2.xx&oh=00_AfDcBnPwujBcDW_2Rwjc75fmxMqsdy8Yq9SDH5xKAuyvOA&oe=6509282C,n/a,n/a,https://www.facebook.com/profile.php?id=100052699372298
https://scontent-atl3-1.xx.fbcdn.net/v/t39.30808-1/271743002_472117887761314_3537999437803609651_n.jpg?stp=cp0_dst-jpg_p80x80&_nc_cat=103&ccb=1-7&_nc_sid=befaf1&_nc_ohc=n6SILOO7gQEAX9GS49S&_nc_ht=scontent-atl3-1.xx&oh=00_AfArjoi1EGQJnDokZVIYQLDwTBeLu_pkxbFFX-a3fuCk6A&oe=6509BCC2,n/a,n/a,https://www.facebook.com/staff.mashale.7
https://scontent-atl3-1.xx.fbcdn.net/v/t1.6435-1/70782743_115588099833973_4193628895565578240_n.jpg?stp=c0.0.80.80a_cp0_dst-jpg_p80x80&_nc_cat=106&ccb=1-7&_nc_sid=3e7bcd&_nc_ohc=ei27-W5IMScAX-Ostjq&_nc_ht=scontent-atl3-1.xx&oh=00_AfAXiYQyCtTxxxZjQjt8aW0vkJnytEEc9jDxUFHZEj9-YQ&oe=652B674A,n/a,n/a,https://www.facebook.com/profile.php?id=100041483501661
https://scontent-atl3-1.xx.fbcdn.net/v/t39.30808-1/308591047_787912095755955_2558998412896527017_n.jpg?stp=cp0_dst-jpg_p80x80&_nc_cat=103&ccb=1-7&_nc_sid=befaf1&_nc_ohc=tN0r2FuXdWoAX_-9qUd&_nc_ht=scontent-atl3-1.xx&oh=00_AfD726wu7XoHiDUF6dOTgR09D2957XAfi5hIXzhzEPXelQ&oe=6508553E,n/a,n/a,https://www.facebook.com/profile.php?id=100036115155308
https://scontent-atl3-2.xx.fbcdn.net/v/t39.30808-1/269705947_3174668039421807_5595264922746647109_n.jpg?stp=c0.1.80.79a_cp0_dst-jpg_p80x80&_nc_cat=101&ccb=1-7&_nc_sid=befaf1&_nc_ohc=PP9FGX7t19MAX-zTgsf&_nc_ht=scontent-atl3-2.xx&oh=00_AfAM6vzoyJ2nWpI0VCN78FOoyxE-VTCuwRh43pnWsqI8AA&oe=6508588D,n/a,n/a,https://www.facebook.com/profile.php?id=100006359252052
https://scontent-atl3-1.xx.fbcdn.net/v/t39.30808-1/374686542_1289264028365410_8248277260131853929_n.jpg?stp=cp0_dst-jpg_p80x80&_nc_cat=103&ccb=1-7&_nc_sid=befaf1&_nc_ohc=HY3BZ65R1fQAX-_lTuE&_nc_ht=scontent-atl3-1.xx&oh=00_AfBSzxAruaXeAV57qXN69ZeHELNgE8ckzcfVQxZPYerjpw&oe=650966A7,n/a,n/a,https://www.facebook.com/profile.php?id=100018454752141
https://scontent-atl3-1.xx.fbcdn.net/v/t1.6435-1/122488396_1679379745573398_7539214172106542197_n.jpg?stp=cp0_dst-jpg_p80x80&_nc_cat=100&ccb=1-7&_nc_sid=3e7bcd&_nc_ohc=-Dbq2pFeNhIAX9gpV1I&_nc_ht=scontent-atl3-1.xx&oh=00_AfD50_DlfXdDmg1FI-Hd0sgV3feZRRZ_MLNepPMnrciVnw&oe=652B6EC0,n/a,n/a,https://www.facebook.com/profile.php?id=100005041664980
https://scontent-atl3-1.xx.fbcdn.net/v/t39.30808-1/364739783_250118804631571_7317546034118737787_n.jpg?stp=cp0_dst-jpg_p80x80&_nc_cat=110&ccb=1-7&_nc_sid=befaf1&_nc_ohc=B5ahjX4VwekAX-kerMe&_nc_ht=scontent-atl3-1.xx&oh=00_AfAMfa32-HYT7q9G9Y_jA8sMTNOnfpVjKR3SEqE_8o66fQ&oe=65089B36,n/a,n/a,https://www.facebook.com/profile.php?id=100089003595192
https://scontent-atl3-1.xx.fbcdn.net/v/t1.6435-1/135017050_914088465796590_9061878317900101679_n.jpg?stp=cp0_dst-jpg_p80x80&_nc_cat=103&ccb=1-7&_nc_sid=3e7bcd&_nc_ohc=T0VACGdlMGsAX-bhahc&_nc_ht=scontent-atl3-1.xx&oh=00_AfCH3y-6rN71JgYT3gEtm6gg77AuRDrVkw2o1A0gtL8PtQ&oe=652B9DB9,n/a,n/a,https://www.facebook.com/hamada.lotfy.372
https://scontent-atl3-1.xx.fbcdn.net/v/t1.6435-1/117683460_3141821185938311_475954986002639063_n.jpg?stp=c0.10.80.80a_cp0_dst-jpg_p80x80&_nc_cat=100&ccb=1-7&_nc_sid=3e7bcd&_nc_ohc=cWnCeqPlw58AX9HF8l5&_nc_ht=scontent-atl3-1.xx&oh=00_AfDwj7npaan_uuibseA-Vu1DUs0yeyh5DLUCcHQfRw0PWw&oe=652B7DDA,n/a,n/a,https://www.facebook.com/anwar.fehem
https://scontent-atl3-1.xx.fbcdn.net/v/t1.6435-1/139604908_221436339620327_7056699518610149673_n.jpg?stp=c0.0.80.80a_cp0_dst-jpg_p80x80&_nc_cat=110&ccb=1-7&_nc_sid=3e7bcd&_nc_ohc=Dc4ipWCLeVkAX-10WU7&_nc_ht=scontent-atl3-1.xx&oh=00_AfAXJTntgLgm6u_MosW5hano1JXFWBwlxTzEtcJpeKJ1og&oe=652B93F9,n/a,n/a,https://www.facebook.com/profile.php?id=100052618880514
https://scontent-atl3-2.xx.fbcdn.net/v/t1.6435-1/178478614_10157600539632691_3745092648927208232_n.jpg?stp=cp0_dst-jpg_p80x80&_nc_cat=102&ccb=1-7&_nc_sid=3e7bcd&_nc_ohc=vUlgPdOuefIAX9tbKOq&_nc_ht=scontent-atl3-2.xx&oh=00_AfCfBE1NhrAhNfT4PiYZQz-HKPArc3W4js-C_zePKB_1Rw&oe=652B87F8,n/a,n/a,https://www.facebook.com/jan.william.79
https://scontent-atl3-2.xx.fbcdn.net/v/t39.30808-1/330283680_611557873873068_2964140292875296979_n.jpg?stp=cp0_dst-jpg_p80x80&_nc_cat=102&ccb=1-7&_nc_sid=befaf1&_nc_ohc=m3ck77ETCcwAX_RiC1l&_nc_ht=scontent-atl3-2.xx&oh=00_AfBgmLe-mTFbvhAPjYWYjq9H2E0ylMuWH0x_a0LpJsv0kg&oe=6509AC4F,n/a,n/a,https://www.facebook.com/profile.php?id=100091590228788
https://scontent-atl3-1.xx.fbcdn.net/v/t1.18169-1/28783756_609118949437002_2837359544991114859_n.jpg?stp=cp0_dst-jpg_p80x80&_nc_cat=107&ccb=1-7&_nc_sid=3e7bcd&_nc_ohc=Vo3YVD3q0DoAX959x3v&_nc_ht=scontent-atl3-1.xx&oh=00_AfAa_oLmXNRjkN-ioMMUCSa1ZZwJxVWzWjJiyjaJU7a_Ow&oe=652B7D62,n/a,n/a,https://www.facebook.com/profile.php?id=100010167073937
https://scontent-atl3-1.xx.fbcdn.net/v/t39.30808-1/374737105_829955315136012_6260120676664406319_n.jpg?stp=cp0_dst-jpg_p80x80&_nc_cat=107&ccb=1-7&_nc_sid=befaf1&_nc_ohc=MCV3AYRp4yYAX9VdV9X&_nc_ht=scontent-atl3-1.xx&oh=00_AfDNsS4CiIolhVN7XrL7Dth41uN7IO9Vzh1xBFmP1T4y-A&oe=6508C7E2,n/a,n/a,https://www.facebook.com/profile.php?id=100043646527046
https://scontent-atl3-1.xx.fbcdn.net/v/t39.30808-1/376818947_1343508032959837_8254794248440689792_n.jpg?stp=cp0_dst-jpg_p80x80&_nc_cat=100&ccb=1-7&_nc_sid=befaf1&_nc_ohc=eodbTMgICKUAX8C_3TL&_nc_ht=scontent-atl3-1.xx&oh=00_AfAPZl4ff9qGwd8PSYDwbQTiBG0E_b83Gj4suQqhY_EXfA&oe=6508E88A,n/a,n/a,https://www.facebook.com/senior.bekar.7
https://scontent-atl3-2.xx.fbcdn.net/v/t1.6435-1/118822456_101491688366673_2069707216611052173_n.jpg?stp=cp0_dst-jpg_p80x80&_nc_cat=111&ccb=1-7&_nc_sid=3e7bcd&_nc_ohc=MVQNs63c4wgAX8QcWzC&_nc_ht=scontent-atl3-2.xx&oh=00_AfBg8tKPKym5VQhWHERuDvj8RBxHgZ6og3D4qJfrPO8egQ&oe=652B8E08,n/a,n/a,https://www.facebook.com/profile.php?id=100055175253099
https://scontent-atl3-1.xx.fbcdn.net/v/t39.30808-1/241499143_2981865705420210_3725475349502186098_n.jpg?stp=cp0_dst-jpg_p80x80&_nc_cat=107&ccb=1-7&_nc_sid=befaf1&_nc_ohc=zzAIgvx73eEAX8J51av&_nc_ht=scontent-atl3-1.xx&oh=00_AfAvePCyJN5bHVT21LrOI9YrzQADGPW0FFrz8fveGgIt2Q&oe=65092E99,n/a,n/a,https://www.facebook.com/mahmoud.taha.75839923
https://scontent-atl3-1.xx.fbcdn.net/v/t39.30808-1/369699872_293994386650625_1104433687877680986_n.jpg?stp=cp0_dst-jpg_p80x80&_nc_cat=100&ccb=1-7&_nc_sid=befaf1&_nc_ohc=4PlpjbnkAmwAX8cNOaO&_nc_ht=scontent-atl3-1.xx&oh=00_AfDBlV-tDWPuPrlzZ2pgis09kbhX0CjrZmYknAvkRgoTRA&oe=6508DA1F,n/a,n/a,https://www.facebook.com/profile.php?id=100081201985322
https://scontent-atl3-1.xx.fbcdn.net/v/t1.6435-1/91985532_726340214875877_2476162952403615744_n.jpg?stp=cp0_dst-jpg_p80x80&_nc_cat=100&ccb=1-7&_nc_sid=3e7bcd&_nc_ohc=HAPs-1-LWBYAX8KEHEg&_nc_ht=scontent-atl3-1.xx&oh=00_AfABeBVEcrv9bYZX1xdIwYZisoDUvh6bijU9uh-t9Xsy2Q&oe=652B9AC8,n/a,n/a,https://www.facebook.com/moez.mili.16
https://scontent-atl3-2.xx.fbcdn.net/v/t39.30808-1/293971618_367876428837542_2235425780581244179_n.jpg?stp=cp0_dst-jpg_p80x80&_nc_cat=111&ccb=1-7&_nc_sid=befaf1&_nc_ohc=3hOUDyvZtxwAX9FcO-t&_nc_ht=scontent-atl3-2.xx&oh=00_AfCt8EuwVUny5GfvSUQ7E86uKJD63kJPCQKHPqDpFMikFg&oe=650925FA,n/a,n/a,https://www.facebook.com/profile.php?id=100068455625701
https://scontent-atl3-1.xx.fbcdn.net/v/t39.30808-1/313434357_1825197251150499_6942881257228302343_n.jpg?stp=cp0_dst-jpg_p80x80&_nc_cat=110&ccb=1-7&_nc_sid=befaf1&_nc_ohc=sVoJYYDhiWAAX_UhACi&_nc_ht=scontent-atl3-1.xx&oh=00_AfC-0xup1cat5YpADR6pOGHqTDXY8iFaCdH-bMMzhBzV4A&oe=6509A6D0,n/a,n/a,https://www.facebook.com/profile.php?id=100009807242903
https://scontent-atl3-2.xx.fbcdn.net/v/t39.30808-1/314351832_5870060153006793_5673666742143204829_n.jpg?stp=cp0_dst-jpg_p80x80&_nc_cat=101&ccb=1-7&_nc_sid=befaf1&_nc_ohc=KrhdwsetDvgAX9ROQwV&_nc_ht=scontent-atl3-2.xx&oh=00_AfDE-lsj4j7Ft9n2R3fVC_NlcUiq9PeaeBoap7zzRozOTw&oe=6508403F,n/a,n/a,https://www.facebook.com/naima.assoma
https://scontent-atl3-1.xx.fbcdn.net/v/t1.6435-1/194870951_2901318793418089_374178829897375788_n.jpg?stp=cp0_dst-jpg_p80x80&_nc_cat=110&ccb=1-7&_nc_sid=3e7bcd&_nc_ohc=ROpOTitNIvIAX-otxaS&_nc_ht=scontent-atl3-1.xx&oh=00_AfB81fH0ru9e5TfDlBEUsTpv6VWQ5UjXIYSxcsuDHjEvxw&oe=652B7F39,n/a,n/a,https://www.facebook.com/profile.php?id=100006199900525
https://scontent-atl3-1.xx.fbcdn.net/v/t39.30808-1/303510931_109470298560009_5402369254040790511_n.jpg?stp=c0.0.80.80a_cp0_dst-jpg_p80x80&_nc_cat=100&ccb=1-7&_nc_sid=befaf1&_nc_ohc=wMP4WolcLo8AX-REDry&_nc_ht=scontent-atl3-1.xx&oh=00_AfC_JvyAPMICMnL5dPm-iOfJp6GhaQz4QYva-MDVjXAJgg&oe=65094DFA,n/a,n/a,https://www.facebook.com/profile.php?id=100084911182559
https://scontent-atl3-2.xx.fbcdn.net/v/t1.18169-1/21617630_126369931351225_98656675747866869_n.jpg?stp=cp0_dst-jpg_p80x80&_nc_cat=101&ccb=1-7&_nc_sid=3e7bcd&_nc_ohc=sPGQY6vDgw4AX8s2XoZ&_nc_ht=scontent-atl3-2.xx&oh=00_AfCIrNZHkl3UAS9fuY_J6O9ZcG4tH5DaJDY_lgoJON9wiQ&oe=652B6705,n/a,n/a,https://www.facebook.com/yas.nijris.3
https://scontent-atl3-1.xx.fbcdn.net/v/t1.6435-1/117671621_3213543185438031_6593379139507730543_n.jpg?stp=cp0_dst-jpg_p80x80&_nc_cat=108&ccb=1-7&_nc_sid=3e7bcd&_nc_ohc=OKssCs5gXBgAX9S20HF&_nc_ht=scontent-atl3-1.xx&oh=00_AfDq4ttn-CqHl6KhFcYOQbNETjSeXqhR9_vWZpCj6Nrcyw&oe=652B6CCE,n/a,n/a,https://www.facebook.com/rene.pinedajaime
https://scontent-atl3-1.xx.fbcdn.net/v/t1.18169-1/26993541_2025790887668297_7721581268719998279_n.jpg?stp=c0.0.80.80a_cp0_dst-jpg_p80x80&_nc_cat=108&ccb=1-7&_nc_sid=3e7bcd&_nc_ohc=sh_0IBh5snkAX8D5VK9&_nc_ht=scontent-atl3-1.xx&oh=00_AfAC5fZIoof92hIhogY4nsL1wcq9fPSi_dNZnkOq-rpe-Q&oe=652B82FA,n/a,n/a,https://www.facebook.com/profile.php?id=100007122165694
https://scontent-atl3-1.xx.fbcdn.net/v/t39.30808-1/370598369_1430112751118570_7713953548620241548_n.jpg?stp=c0.0.80.80a_cp0_dst-jpg_p80x80&_nc_cat=103&ccb=1-7&_nc_sid=befaf1&_nc_ohc=jOm2FJjM-XcAX-LRVKj&_nc_ht=scontent-atl3-1.xx&oh=00_AfCJ4o4f_fpehofmFaFwZqBQewC3K6vuA1bv5wJ24eM6mw&oe=6509857B,n/a,n/a,https://www.facebook.com/nasro.sghir.923
https://scontent-atl3-1.xx.fbcdn.net/v/t1.6435-1/199403325_797779437795781_4365371386302433064_n.jpg?stp=cp0_dst-jpg_p80x80&_nc_cat=106&ccb=1-7&_nc_sid=3e7bcd&_nc_ohc=HrdvN2ipTEwAX9I2Pai&_nc_ht=scontent-atl3-1.xx&oh=00_AfAl3X8JYWvuTAo78eTcWBuNa9lkiIZ_LSwKyFaNDkUzDg&oe=652B9E2C,n/a,n/a,https://www.facebook.com/profile.php?id=100026911972724
https://scontent-atl3-2.xx.fbcdn.net/v/t39.30808-1/347414125_1661233401047085_7721589278098069293_n.jpg?stp=cp0_dst-jpg_p80x80&_nc_cat=102&ccb=1-7&_nc_sid=befaf1&_nc_ohc=ezhBsIdEmNoAX-UMkvX&_nc_oc=AQnUvwaOQJ50CIGZ1P78kxn_1w0nmZIWYBIIxHi4_IxFJhe_CxHkh48BV_ws60vMd4Y&_nc_ht=scontent-atl3-2.xx&oh=00_AfBcmpcZ-BfIMpteaWP-9r3OwycTd74KapE7ZM9-FTprmQ&oe=65094BAE,n/a,n/a,https://www.facebook.com/profile.php?id=100014813233889
https://scontent-atl3-2.xx.fbcdn.net/v/t39.30808-1/296034887_579317630467965_7044943078225315467_n.jpg?stp=cp0_dst-jpg_p80x80&_nc_cat=105&ccb=1-7&_nc_sid=befaf1&_nc_ohc=Ui1D2WVmV-cAX-whpl0&_nc_ht=scontent-atl3-2.xx&oh=00_AfCIoSgj6lWaBpAGQjmYXv3quknZZHSNZ5kyGQe5s2XHkw&oe=65081C62,n/a,n/a,https://www.facebook.com/profile.php?id=100051691981057
https://scontent-atl3-1.xx.fbcdn.net/v/t39.30808-1/369472191_3656924264589600_4551949058652750348_n.jpg?stp=cp0_dst-jpg_p80x80&_nc_cat=110&ccb=1-7&_nc_sid=befaf1&_nc_ohc=YaOCC5mBzGMAX8tRuNy&_nc_ht=scontent-atl3-1.xx&oh=00_AfATMclbqh9N-mojuUAoFMrUfKCKVZFVxWYtUPk4OowcXQ&oe=65083CF5,n/a,n/a,https://www.facebook.com/profile.php?id=100008161868833
https://scontent-atl3-1.xx.fbcdn.net/v/t39.30808-1/304626934_762595631735294_5844120670598068132_n.jpg?stp=cp0_dst-jpg_p80x80&_nc_cat=103&ccb=1-7&_nc_sid=befaf1&_nc_ohc=M5sJHVcbd0AAX-Cj38P&_nc_ht=scontent-atl3-1.xx&oh=00_AfDF15AS1OZ51Fw60BTfoTU6meTZOkbAIXNZ9t-Rj05E4Q&oe=65087021,n/a,n/a,https://www.facebook.com/hassan.hemdan.146
https://scontent-atl3-1.xx.fbcdn.net/v/t1.6435-1/128273560_2943018195967922_8742360314496250520_n.jpg?stp=cp0_dst-jpg_p80x80&_nc_cat=107&ccb=1-7&_nc_sid=3e7bcd&_nc_ohc=fd8TPLvGnnAAX_Zb36O&_nc_ht=scontent-atl3-1.xx&oh=00_AfCgY12dO1kslNt7UdWCgD1OrwVdy_P8F0cx-eO1B3_nNg&oe=652B7C0A,n/a,n/a,https://www.facebook.com/profile.php?id=100007793117656
https://scontent-atl3-1.xx.fbcdn.net/v/t39.30808-1/310133721_1898668943806080_1640490416273377422_n.jpg?stp=cp0_dst-jpg_p80x80&_nc_cat=106&ccb=1-7&_nc_sid=befaf1&_nc_ohc=5rNZA5aE-6cAX-tzZ4L&_nc_ht=scontent-atl3-1.xx&oh=00_AfAhCrOyyOiW1rptH-TIJTlccIGLjxG9jaZRbdTLRkNVxA&oe=6508A92D,n/a,n/a,https://www.facebook.com/Ahmeditachiyounes
https://scontent-atl3-1.xx.fbcdn.net/v/t39.30808-1/376492262_195949490171088_8773133620308524691_n.jpg?stp=c0.0.80.80a_cp0_dst-jpg_p80x80&_nc_cat=108&ccb=1-7&_nc_sid=befaf1&_nc_ohc=XKsJtIkD7BUAX-NrNEq&_nc_ht=scontent-atl3-1.xx&oh=00_AfDRgycGHsn8jkGtzScTFH_rZxLOrYkssz83GVnTVZZMYA&oe=65089EF2,n/a,n/a,https://www.facebook.com/profile.php?id=100092681130863
https://scontent-atl3-1.xx.fbcdn.net/v/t39.30808-1/270280390_644164900356254_2263421027947303889_n.jpg?stp=cp0_dst-jpg_p80x80&_nc_cat=109&ccb=1-7&_nc_sid=befaf1&_nc_ohc=hbuA29S_d-IAX95AtNQ&_nc_ht=scontent-atl3-1.xx&oh=00_AfCRRgIFGv9MYIG12ZlLHib0T20OVxxgLhYi2uGGOyiU1g&oe=650849A6,n/a,n/a,https://www.facebook.com/profile.php?id=100042882492506
https://scontent-atl3-1.xx.fbcdn.net/v/t39.30808-1/283928806_115238864524605_6474415619656271882_n.jpg?stp=cp0_dst-jpg_p80x80&_nc_cat=109&ccb=1-7&_nc_sid=befaf1&_nc_ohc=Yp5qwq4WVQAAX9N5yru&_nc_ht=scontent-atl3-1.xx&oh=00_AfBXMfA0paVsjLTmbxWz5DQLPfWKr_JqX-9hJqEJy11UJA&oe=6509232E,n/a,n/a,https://www.facebook.com/profile.php?id=100081154760907
https://scontent-atl3-1.xx.fbcdn.net/v/t1.30497-1/143086968_2856368904622192_1959732218791162458_n.png?stp=cp0_dst-png_p80x80&_nc_cat=1&ccb=1-7&_nc_sid=3e7bcd&_nc_ohc=_ab5UjSXWS0AX-sBgzY&_nc_ht=scontent-atl3-1.xx&oh=00_AfC-LIBSM6lONYkojzUHTiTOPoi7TmN1y3h866v-HqHiAw&oe=652B8CF8,n/a,n/a,https://www.facebook.com/susan.slate.338
https://scontent-atl3-2.xx.fbcdn.net/v/t39.30808-1/370887952_3528912220709231_7427120496985222433_n.jpg?stp=c0.0.80.80a_cp0_dst-jpg_p80x80&_nc_cat=102&ccb=1-7&_nc_sid=befaf1&_nc_ohc=BoUWb2Ac8VcAX_Dhl6_&_nc_ht=scontent-atl3-2.xx&oh=00_AfA6T1oarK-mg4-J2IoLyn_iHkszm5MG_OLroAB6jLT02Q&oe=6509310E,n/a,n/a,https://www.facebook.com/profile.php?id=100007714629745
https://scontent-atl3-2.xx.fbcdn.net/v/t39.30808-1/321616256_705261524488120_508302193125624322_n.jpg?stp=cp0_dst-jpg_p80x80&_nc_cat=111&ccb=1-7&_nc_sid=befaf1&_nc_ohc=qXBfjq9s4O4AX-1Vnbt&_nc_ht=scontent-atl3-2.xx&oh=00_AfBsRDeDawb6fHnDpcfr_SpcblPtJqWk_bPHR3Ec7Mzm0A&oe=6509DDE3,n/a,n/a,https://www.facebook.com/profile.php?id=100088494417696
https://scontent-atl3-1.xx.fbcdn.net/v/t39.30808-1/271892297_3272647679684019_1555276384335634149_n.jpg?stp=cp0_dst-jpg_p80x80&_nc_cat=106&ccb=1-7&_nc_sid=befaf1&_nc_ohc=6Ye3zMP9fbQAX9Qw5ZB&_nc_ht=scontent-atl3-1.xx&oh=00_AfDIIEHsUkhQ7vg2lTS6fliNbr_25BvuevYssMjf4a7dNg&oe=6508877C,n/a,n/a,https://www.facebook.com/profile.php?id=100008164571114
https://scontent-atl3-2.xx.fbcdn.net/v/t39.30808-1/328506649_563568825815244_8781010565538375237_n.jpg?stp=cp0_dst-jpg_p80x80&_nc_cat=105&ccb=1-7&_nc_sid=befaf1&_nc_ohc=99zdXzgJxDcAX9itaFn&_nc_ht=scontent-atl3-2.xx&oh=00_AfCXJnQpxedHhxZSvJZpu1SwNViTjbAQXF_KgGNrF1VZFQ&oe=65089134,n/a,n/a,https://www.facebook.com/profile.php?id=100008439883485
https://scontent-atl3-1.xx.fbcdn.net/v/t39.30808-1/364754349_244311135107820_7897350372939073107_n.jpg?stp=cp0_dst-jpg_p80x80&_nc_cat=110&ccb=1-7&_nc_sid=befaf1&_nc_ohc=F_czCDif5dAAX8Za2YM&_nc_ht=scontent-atl3-1.xx&oh=00_AfC_piqw1zUBlsZ0KnoAqafsfkUa23x9lGALGmP62kKWtQ&oe=6508FAB6,n/a,n/a,https://www.facebook.com/profile.php?id=100085868044232
https://scontent-atl3-1.xx.fbcdn.net/v/t1.6435-1/73159112_110846210342280_9130177727637225472_n.jpg?stp=cp0_dst-jpg_p80x80&_nc_cat=103&ccb=1-7&_nc_sid=3e7bcd&_nc_ohc=CEeJhxOdVHQAX9oDMb9&_nc_ht=scontent-atl3-1.xx&oh=00_AfDea5Nd9sPCyZOuqC5ctddtwqiG-JAo5VVWTz-m7Hfy8Q&oe=652B6B05,n/a,n/a,https://www.facebook.com/abuzahraa.hassan
https://scontent-atl3-1.xx.fbcdn.net/v/t39.30808-1/371842052_828705382330504_6052560745669178996_n.jpg?stp=cp0_dst-jpg_p80x80&_nc_cat=103&ccb=1-7&_nc_sid=befaf1&_nc_ohc=5thvqLVpXtMAX9bNQP-&_nc_ht=scontent-atl3-1.xx&oh=00_AfCOf1GGfVJvADNXsdE7baCzeseHkJ0k9b4uLHsAD8lUIA&oe=6509D475,n/a,n/a,https://www.facebook.com/profile.php?id=100055731496989
https://scontent-atl3-2.xx.fbcdn.net/v/t39.30808-1/280535597_1730704433946090_6654412859351645567_n.jpg?stp=cp0_dst-jpg_p80x80&_nc_cat=101&ccb=1-7&_nc_sid=befaf1&_nc_ohc=9SjgPCuu27sAX-uTkmG&_nc_ht=scontent-atl3-2.xx&oh=00_AfDMIR2oY40lokDByMlEtU7nI6ixmyfJCUIIhCQYHzhXOw&oe=6508128E,n/a,n/a,https://www.facebook.com/profile.php?id=100010196492406
https://scontent-atl3-1.xx.fbcdn.net/v/t39.30808-1/316405506_108180732118133_621490364600736534_n.jpg?stp=cp0_dst-jpg_p80x80&_nc_cat=103&ccb=1-7&_nc_sid=befaf1&_nc_ohc=1DQxA3Tx-I4AX8lF_Z4&_nc_oc=AQlyoekeBKdKPoDrqKrgFhPwsxBu5NzutZF7M2YGI9Z38mHN-xrRTCqY22uSVG7jyFI&_nc_ht=scontent-atl3-1.xx&oh=00_AfAZfgWsI5-g3cX6c6dZIMohQQ9WdXHhuM1vnKq8JlUbbg&oe=6509D502,n/a,n/a,https://www.facebook.com/profile.php?id=100087786197673
https://scontent-atl3-2.xx.fbcdn.net/v/t1.6435-1/49564166_280926019236780_2360332696657330176_n.jpg?stp=cp0_dst-jpg_p80x80&_nc_cat=104&ccb=1-7&_nc_sid=3e7bcd&_nc_ohc=tFoIRhUf6V0AX-Tljmq&_nc_ht=scontent-atl3-2.xx&oh=00_AfDBb2BBI7sR5GioET1gxHcP_AWqdcJ-enWNzfT1dbzhfg&oe=652B92A6,n/a,n/a,https://www.facebook.com/profile.php?id=100019581520299
https://scontent-atl3-2.xx.fbcdn.net/v/t39.30808-1/277442734_320993980132364_1206775668689935101_n.jpg?stp=cp0_dst-jpg_p80x80&_nc_cat=105&ccb=1-7&_nc_sid=befaf1&_nc_ohc=7IfNZZAHIRIAX8CIo_m&_nc_ht=scontent-atl3-2.xx&oh=00_AfAc-j085b-hcam9Ci6vZYl5tvGp0pF7pFlhnREE1x_6bg&oe=6509B501,n/a,n/a,https://www.facebook.com/profile.php?id=100066652940647
https://scontent-atl3-1.xx.fbcdn.net/v/t39.30808-1/359840377_267416989344637_1928576716503337208_n.jpg?stp=cp0_dst-jpg_p80x80&_nc_cat=103&ccb=1-7&_nc_sid=befaf1&_nc_ohc=4HMxPbjE2WMAX93Z_LH&_nc_ht=scontent-atl3-1.xx&oh=00_AfCH6_kRGqEO6yDuOdEL1mMb8bREoBHZzwqyCLN4lJCp6A&oe=650887CB,n/a,n/a,https://www.facebook.com/profile.php?id=100082290146021
https://scontent-atl3-1.xx.fbcdn.net/v/t39.30808-1/323657809_3385281048409602_1644417259405757696_n.jpg?stp=c0.0.80.80a_cp0_dst-jpg_p80x80&_nc_cat=108&ccb=1-7&_nc_sid=befaf1&_nc_ohc=7HztpNy6XUsAX8yk1V6&_nc_ht=scontent-atl3-1.xx&oh=00_AfDYpSgLpwyg7QpE4kHbY2pzMUuidwzuMhoXhRlp9WAMkw&oe=6508D016,n/a,n/a,https://www.facebook.com/ahmed.golf.798
https://scontent-atl3-2.xx.fbcdn.net/v/t1.6435-1/72986083_428970264428722_577508342071558144_n.jpg?stp=cp0_dst-jpg_p80x80&_nc_cat=111&ccb=1-7&_nc_sid=3e7bcd&_nc_ohc=AYRjdBh_TocAX_V3RF0&_nc_oc=AQma174Nx8jvSNd3yo1DCCANpUEpzzoOMgj84QAK0QBxxQK-GmejtV3G3SX5HsrKLxI&_nc_ht=scontent-atl3-2.xx&oh=00_AfDIDGSura8sarUpnfzruzUfN83Mw5Dj86pnfTxGFMuA_g&oe=652B9A2A,n/a,n/a,https://www.facebook.com/maqsud.alam.9277
https://scontent-atl3-1.xx.fbcdn.net/v/t39.30808-1/375806710_1376043009997537_6017406137907914158_n.jpg?stp=cp0_dst-jpg_p80x80&_nc_cat=106&ccb=1-7&_nc_sid=befaf1&_nc_ohc=EmCXSypIYXcAX9ModaE&_nc_ht=scontent-atl3-1.xx&oh=00_AfAJheXP6Kr570mc79XLsj0RZkLTS6DzG4Fdf7hrvfP_KQ&oe=65089755,n/a,n/a,https://www.facebook.com/profile.php?id=100027755536312
https://scontent-atl3-2.xx.fbcdn.net/v/t39.30808-1/273513102_699064954805672_4568698654381428055_n.jpg?stp=cp0_dst-jpg_p80x80&_nc_cat=105&ccb=1-7&_nc_sid=befaf1&_nc_ohc=VfWowKc3P5kAX-PSKpz&_nc_ht=scontent-atl3-2.xx&oh=00_AfA0eEb-T_8ETZeCG1o_OrAGU0zLa4W97dh1lycMXr67-g&oe=65090F1F,n/a,n/a,https://www.facebook.com/profile.php?id=100041065212873
https://scontent-atl3-2.xx.fbcdn.net/v/t39.30808-1/279595688_421088596523157_6242796151787335994_n.jpg?stp=cp0_dst-jpg_p80x80&_nc_cat=111&ccb=1-7&_nc_sid=befaf1&_nc_ohc=65KA3ES57eAAX-Cg3XL&_nc_ht=scontent-atl3-2.xx&oh=00_AfDXy8SgSKHUaHKQNL7lfoW-rfgFYtvYuGiMDQaO_qug9w&oe=6508C732,n/a,n/a,https://www.facebook.com/profile.php?id=100058660594562
https://scontent-atl3-1.xx.fbcdn.net/v/t39.30808-1/273003167_1196184284537016_5067335674651991569_n.jpg?stp=cp0_dst-jpg_p80x80&_nc_cat=109&ccb=1-7&_nc_sid=befaf1&_nc_ohc=2jtELuJ_UQ8AX8A2i6i&_nc_ht=scontent-atl3-1.xx&oh=00_AfBIfzGIKNBmhAYK0LL4rAXuq2yO_7y7EXLyZ_FYjlZJvA&oe=65083B23,n/a,n/a,https://www.facebook.com/hassun.alamri.9
https://scontent-atl3-1.xx.fbcdn.net/v/t1.6435-1/160092209_2833343546981382_4408783050172794719_n.jpg?stp=cp0_dst-jpg_p80x80&_nc_cat=108&ccb=1-7&_nc_sid=3e7bcd&_nc_ohc=Es96KygBc40AX8GRxNt&_nc_ht=scontent-atl3-1.xx&oh=00_AfCvZwS10-S1ry_BZwu0QJv-cdEqqE1pMqYkUT04o8Pe5Q&oe=652B9C83,n/a,n/a,https://www.facebook.com/profile.php?id=100009172926496
https://scontent-atl3-1.xx.fbcdn.net/v/t1.30497-1/143086968_2856368904622192_1959732218791162458_n.png?stp=cp0_dst-png_p80x80&_nc_cat=1&ccb=1-7&_nc_sid=3e7bcd&_nc_ohc=_ab5UjSXWS0AX-sBgzY&_nc_ht=scontent-atl3-1.xx&oh=00_AfC-LIBSM6lONYkojzUHTiTOPoi7TmN1y3h866v-HqHiAw&oe=652B8CF8,n/a,n/a,https://www.facebook.com/profile.php?id=100054920403416
https://scontent-atl3-1.xx.fbcdn.net/v/t39.30808-1/359822026_3540526792896885_3606693254137860652_n.jpg?stp=c0.0.80.80a_cp0_dst-jpg_p80x80&_nc_cat=109&ccb=1-7&_nc_sid=befaf1&_nc_ohc=LFzyJAnFZdUAX-OEMOj&_nc_oc=AQng8rkuc5urh7tnZYadOq_oEAel7_ySwH1eTrTpFXR4x0nM3yDAdMfRC4ex7PTCNOQ&_nc_ht=scontent-atl3-1.xx&oh=00_AfCzEyPxmhdT5c8uWNJcaYctmtfSN11zREAvxj9LCoa6Ew&oe=65098566,n/a,n/a,https://www.facebook.com/no.promise.5851
https://scontent-atl3-1.xx.fbcdn.net/v/t39.30808-1/344040888_187134054208941_6520160780415542427_n.jpg?stp=cp0_dst-jpg_p80x80&_nc_cat=108&ccb=1-7&_nc_sid=befaf1&_nc_ohc=ri67EPuYejkAX9NxU-c&_nc_ht=scontent-atl3-1.xx&oh=00_AfBcnADWPBmbyRNPQIm48fuZwF245M6Ok_0q_FklvK0gfg&oe=65084ECB,n/a,n/a,https://www.facebook.com/profile.php?id=100008555164512
https://scontent-atl3-1.xx.fbcdn.net/v/t39.30808-1/342832770_238358762105730_6236892605295599995_n.jpg?stp=cp0_dst-jpg_p80x80&_nc_cat=109&ccb=1-7&_nc_sid=befaf1&_nc_ohc=fr_wjLgHI2cAX8CL9Wk&_nc_ht=scontent-atl3-1.xx&oh=00_AfBU3GORrDNwdAV9azz43UAp9eLge1ivsmq8AUPkCPoRGw&oe=6508645D,n/a,n/a,https://www.facebook.com/profile.php?id=100009126182670
https://scontent-atl3-1.xx.fbcdn.net/v/t1.6435-1/49519653_2067602073529974_4312118229989326848_n.jpg?stp=cp0_dst-jpg_p80x80&_nc_cat=108&ccb=1-7&_nc_sid=3e7bcd&_nc_ohc=XdwqywQMkJMAX8qGRyy&_nc_ht=scontent-atl3-1.xx&oh=00_AfAaMGdJXncPoTT32NcZWPi_pGQA7nSe5xXj6TZLFbzxBw&oe=652B7ED4,n/a,n/a,https://www.facebook.com/profile.php?id=100008406033526
https://scontent-atl3-1.xx.fbcdn.net/v/t1.18169-1/14590377_118825131920459_3161209772050354918_n.jpg?stp=cp0_dst-jpg_p80x80&_nc_cat=108&ccb=1-7&_nc_sid=3e7bcd&_nc_ohc=uUU2UoPrr3UAX-U1rxh&_nc_ht=scontent-atl3-1.xx&oh=00_AfCpPts3qi5xPCaIl7AXTJzC1BFp4INnVWmzeSMtB-u-MQ&oe=652B7084,n/a,n/a,https://www.facebook.com/mohamed.eltaweel.3954
https://scontent-atl3-1.xx.fbcdn.net/v/t1.6435-1/186118662_1763020663900803_7627499814888582450_n.jpg?stp=cp0_dst-jpg_p80x80&_nc_cat=106&ccb=1-7&_nc_sid=3e7bcd&_nc_ohc=uku_pLJ1eEAAX9Ayf5h&_nc_ht=scontent-atl3-1.xx&oh=00_AfCbhkFpq6cQtHEqkYX8DFcVLVdOki7dlMGRQyPMdPBejQ&oe=652B7F4D,n/a,n/a,https://www.facebook.com/amirringgostar.khairul
https://scontent-atl3-2.xx.fbcdn.net/v/t1.6435-1/184851013_107510601511871_6047634898576085383_n.jpg?stp=cp0_dst-jpg_p80x80&_nc_cat=104&ccb=1-7&_nc_sid=3e7bcd&_nc_ohc=6bHQLFn9BmIAX_25Mkx&_nc_ht=scontent-atl3-2.xx&oh=00_AfCf3s06RudRha2ovG9h0fyg4VKUiYDCgjYV0sfth7YMng&oe=652B8AF2,n/a,n/a,https://www.facebook.com/profile.php?id=100067587949755
https://scontent-atl3-1.xx.fbcdn.net/v/t1.18169-1/14233122_556198871250582_3269745818360918633_n.jpg?stp=cp0_dst-jpg_p80x80&_nc_cat=107&ccb=1-7&_nc_sid=3e7bcd&_nc_ohc=nEvxksznRRAAX8Rgtyv&_nc_ht=scontent-atl3-1.xx&oh=00_AfDelEt2By3_Ac80rH5_9LEFrBKx-bFDYf6vaJ0qNTbfng&oe=652B8748,n/a,n/a,https://www.facebook.com/domenico.scotto.351
https://scontent-atl3-2.xx.fbcdn.net/v/t1.6435-1/74471159_769981770118882_4331674152390885376_n.jpg?stp=cp0_dst-jpg_p80x80&_nc_cat=104&ccb=1-7&_nc_sid=3e7bcd&_nc_ohc=gHAmUlHOODMAX8NpbW7&_nc_ht=scontent-atl3-2.xx&oh=00_AfBSSQzgdcpeeEB3kzti39sXOkfXJ-s4OCdmVPWROW4bmA&oe=652B8F14,n/a,n/a,https://www.facebook.com/profile.php?id=100013211977201
https://scontent-atl3-1.xx.fbcdn.net/v/t1.6435-1/125190170_2818174295080078_571224862561831870_n.jpg?stp=cp0_dst-jpg_p80x80&_nc_cat=103&ccb=1-7&_nc_sid=3e7bcd&_nc_ohc=rnoRkQVCONgAX-igpoj&_nc_oc=AQlK5qwVd47U7sJKjhjTcAGRbfgqfHOwNmh2S7_P83hHgBI9yx25EAoENxqiKIk7bls&_nc_ht=scontent-atl3-1.xx&oh=00_AfCmMTlu14sN4gIIaXw9_kOqzw-AhFC7ncQHkjwNATSwsg&oe=652B860F,n/a,n/a,https://www.facebook.com/profile.php?id=100006626056879
https://scontent-atl3-1.xx.fbcdn.net/v/t39.30808-1/323789014_850793519508757_6459927038746198061_n.jpg?stp=cp0_dst-jpg_p80x80&_nc_cat=110&ccb=1-7&_nc_sid=befaf1&_nc_ohc=x3tL0e0YTugAX_-BQbQ&_nc_ht=scontent-atl3-1.xx&oh=00_AfDTPF8iH5P9cuCuCM4Q9aywUIdEJeZCSZRNr9iso8weOA&oe=6508B0FD,n/a,n/a,https://www.facebook.com/profile.php?id=100074988233545
https://scontent-atl3-2.xx.fbcdn.net/v/t39.30808-1/369651774_646975694061810_688018166135737918_n.jpg?stp=cp0_dst-jpg_p80x80&_nc_cat=101&ccb=1-7&_nc_sid=befaf1&_nc_ohc=1ELevrhwpo4AX-L_GSA&_nc_ht=scontent-atl3-2.xx&oh=00_AfAlZuntJAXLJfcYJpHBJT-yWK_8Ik5SP4aiDaOJ-j4idw&oe=6508476D,n/a,n/a,https://www.facebook.com/sayed.alkanatry
https://scontent-atl3-1.xx.fbcdn.net/v/t39.30808-1/240113501_558096928724376_2851795532246610537_n.jpg?stp=cp0_dst-jpg_p80x80&_nc_cat=108&ccb=1-7&_nc_sid=befaf1&_nc_ohc=6P9xDRjvHUUAX_WnG-y&_nc_ht=scontent-atl3-1.xx&oh=00_AfDMXdAUJy5IFt79seK4FDOXsk_oHOOu0YMLl7bIRTWRVg&oe=65087900,n/a,n/a,https://www.facebook.com/profile.php?id=100035722217868
https://scontent-atl3-1.xx.fbcdn.net/v/t39.30808-1/315991343_677445847274949_1673554758729110620_n.jpg?stp=cp0_dst-jpg_p80x80&_nc_cat=109&ccb=1-7&_nc_sid=befaf1&_nc_ohc=mbGwRczh7fAAX_guTAI&_nc_ht=scontent-atl3-1.xx&oh=00_AfBj3kDL3P88u6YLiBZSv3dLcJoAiFUOQpVPtsFiucsdAg&oe=6509506C,n/a,n/a,https://www.facebook.com/krimo.lak.18
https://scontent-atl3-2.xx.fbcdn.net/v/t39.30808-1/332112369_900483621104202_5631359622865474712_n.jpg?stp=cp0_dst-jpg_p80x80&_nc_cat=105&ccb=1-7&_nc_sid=befaf1&_nc_ohc=vOUjVWt7qDoAX-zfWTF&_nc_ht=scontent-atl3-2.xx&oh=00_AfDGhIKHRE-M7KKxIZFi3aCbTCWQiCZIdfF_YNJiV9enhA&oe=650895E2,n/a,n/a,https://www.facebook.com/labaid.youssef
https://scontent-atl3-1.xx.fbcdn.net/v/t39.30808-1/247280452_1011908096258651_6796725820865730068_n.jpg?stp=c0.0.80.80a_cp0_dst-jpg_p80x80&_nc_cat=109&ccb=1-7&_nc_sid=befaf1&_nc_ohc=JF6EeD1-8w4AX9x6qQU&_nc_ht=scontent-atl3-1.xx&oh=00_AfB1aMLPH7RhEWytBz4a1snmTIn6hGGW3wsQzUxECFnwig&oe=6509441D,n/a,n/a,https://www.facebook.com/basher.yaser.9
https://scontent-atl3-2.xx.fbcdn.net/v/t39.30808-1/218665153_116233740725225_3205002782921995629_n.jpg?stp=cp0_dst-jpg_p80x80&_nc_cat=101&ccb=1-7&_nc_sid=befaf1&_nc_ohc=v7ueCo_u1wkAX83fQN_&_nc_ht=scontent-atl3-2.xx&oh=00_AfAqZatX878355Ax-qGl_6-lPHXF16qx8FbXAepXetx3sQ&oe=6508A564,n/a,n/a,https://www.facebook.com/profile.php?id=100070157986233
https://scontent-atl3-2.xx.fbcdn.net/v/t39.30808-1/306350183_1527329414332080_5844764192790840378_n.jpg?stp=cp0_dst-jpg_p80x80&_nc_cat=101&ccb=1-7&_nc_sid=befaf1&_nc_ohc=PfPf8kP_Q2QAX9DWZcW&_nc_oc=AQnARKdJ2pSG2iOvuet9q9_j-i6gcv_2TmZ_C63v-k8WXEBiS4zU5XMXzk91ovWVXRo&_nc_ht=scontent-atl3-2.xx&oh=00_AfBhGPfThap1rjrj3tbpCeZZLCQPBLEe9TiJKIln5WGxxw&oe=6508E93C,n/a,n/a,https://www.facebook.com/profile.php?id=100011651076428
https://scontent-atl3-1.xx.fbcdn.net/v/t39.30808-1/375042638_261471733506205_7288177841129652478_n.jpg?stp=cp0_dst-jpg_p80x80&_nc_cat=106&ccb=1-7&_nc_sid=befaf1&_nc_ohc=88W44UuGz5cAX9dbc2-&_nc_ht=scontent-atl3-1.xx&oh=00_AfBIkchn5xxNJSn8B5mgxjUGRvu8xREY-CUjhuqAYdGFjg&oe=650868B2,n/a,n/a,https://www.facebook.com/profile.php?id=100089301400279
https://scontent-atl3-1.xx.fbcdn.net/v/t39.30808-1/250631866_1758637894334016_2437953929551704985_n.jpg?stp=cp0_dst-jpg_p80x80&_nc_cat=108&ccb=1-7&_nc_sid=befaf1&_nc_ohc=llpbNPorNCIAX98OZr6&_nc_ht=scontent-atl3-1.xx&oh=00_AfD4s5Y_fHyML90Kbawkl8TQGYyXMy72eamDjf7fTVwPgw&oe=65091BDF,n/a,n/a,https://www.facebook.com/profile.php?id=100005634669986
https://scontent-atl3-1.xx.fbcdn.net/v/t1.6435-1/30706663_214707415962881_5293405896485896192_n.jpg?stp=cp0_dst-jpg_p80x80&_nc_cat=103&ccb=1-7&_nc_sid=3e7bcd&_nc_ohc=HAfScHE0zPkAX-7Z1rh&_nc_ht=scontent-atl3-1.xx&oh=00_AfAxlbL4H2brNYY4Wqkb9NP0Dr5e5BilCw-Bki7Hk8Y-3g&oe=652B682F,n/a,n/a,https://www.facebook.com/profile.php?id=100022708723956
https://scontent-atl3-2.xx.fbcdn.net/v/t39.30808-1/377469553_3540026316316665_1660900653986167035_n.jpg?stp=cp0_dst-jpg_p80x80&_nc_cat=105&ccb=1-7&_nc_sid=befaf1&_nc_ohc=OAKBT6y8dm4AX_e2SNt&_nc_ht=scontent-atl3-2.xx&oh=00_AfCpq9zBb3Fq2LVWx_TmSABq5oY9yRvNTH_CQQdAKyhOog&oe=650952F6,n/a,n/a,https://www.facebook.com/profile.php?id=100009279940203
https://scontent-atl3-1.xx.fbcdn.net/v/t39.30808-1/362261254_240412755599111_1036803711853431572_n.jpg?stp=cp0_dst-jpg_p80x80&_nc_cat=109&ccb=1-7&_nc_sid=befaf1&_nc_ohc=os73-r3OMfwAX9tA3Yl&_nc_ht=scontent-atl3-1.xx&oh=00_AfDzAZfNq3jqYjFxp2BTkyjXHl3jRY5bS6qoKJ4mHJI0EQ&oe=65080E74,n/a,n/a,https://www.facebook.com/profile.php?id=100088911640395
https://scontent-atl3-2.xx.fbcdn.net/v/t39.30808-1/367405303_122143519364000394_4695612017430387473_n.jpg?stp=cp0_dst-jpg_p80x80&_nc_cat=101&ccb=1-7&_nc_sid=befaf1&_nc_aid=0&_nc_ohc=Dz5LbnI6xYMAX8TM9E4&_nc_ht=scontent-atl3-2.xx&oh=00_AfA5cgYsITdWDqyb-tUhnMFvSOY6MJ_A2_3RPPADRNaBvA&oe=650829E9,n/a,n/a,https://www.facebook.com/profile.php?id=61550011823106
https://scontent-atl3-1.xx.fbcdn.net/v/t39.30808-1/215880239_560304928675521_7671685284675252774_n.jpg?stp=cp0_dst-jpg_p80x80&_nc_cat=107&ccb=1-7&_nc_sid=befaf1&_nc_ohc=XiVTiSd_28gAX8gAiVN&_nc_ht=scontent-atl3-1.xx&oh=00_AfDCqDoKMRBE7KlVwdK5_t_lZ86qIxfnk60Oq6jkaK-1oQ&oe=65094402,n/a,n/a,https://www.facebook.com/ahmedn.abushlisha
https://scontent-atl3-1.xx.fbcdn.net/v/t39.30808-1/306524122_3210828429245432_7928307598335406435_n.jpg?stp=cp0_dst-jpg_p80x80&_nc_cat=100&ccb=1-7&_nc_sid=befaf1&_nc_ohc=6NmOVl3_ze8AX-QH-gO&_nc_ht=scontent-atl3-1.xx&oh=00_AfDGz3G50SI3tpPLPD1VqvsOCymnBQqjn2w8e96c4jdlcA&oe=65088C32,n/a,n/a,https://www.facebook.com/ahmed.tata.963434
https://scontent-atl3-1.xx.fbcdn.net/v/t39.30808-1/347605007_195303370141898_4112134261189233964_n.jpg?stp=cp0_dst-jpg_p80x80&_nc_cat=108&ccb=1-7&_nc_sid=befaf1&_nc_ohc=bL7bw126VIEAX_7nkGQ&_nc_ht=scontent-atl3-1.xx&oh=00_AfCFexQFyDqHP41bW7JTDpnmYyjr9Jn0i_RbGGffUGpkBg&oe=6509581D,n/a,n/a,https://www.facebook.com/profile.php?id=100089867075737
https://scontent-atl3-1.xx.fbcdn.net/v/t1.6435-1/186528870_110893171175769_8818025161600765633_n.jpg?stp=cp0_dst-jpg_p80x80&_nc_cat=108&ccb=1-7&_nc_sid=3e7bcd&_nc_ohc=UjUDGjU_92oAX9nYNED&_nc_ht=scontent-atl3-1.xx&oh=00_AfD9hqHRKfoTjYwkAwzSJJPg2cK4JPENhVNm7e919MPEmA&oe=652B9A98,n/a,n/a,https://www.facebook.com/ahmed.jeka.7146
https://scontent-atl3-1.xx.fbcdn.net/v/t1.30497-1/143086968_2856368904622192_1959732218791162458_n.png?stp=cp0_dst-png_p80x80&_nc_cat=1&ccb=1-7&_nc_sid=3e7bcd&_nc_ohc=_ab5UjSXWS0AX-sBgzY&_nc_ht=scontent-atl3-1.xx&oh=00_AfC-LIBSM6lONYkojzUHTiTOPoi7TmN1y3h866v-HqHiAw&oe=652B8CF8,n/a,n/a,https://www.facebook.com/profile.php?id=100079688060897
https://scontent-atl3-2.xx.fbcdn.net/v/t1.18169-1/15109626_1476038202414110_1169808999452521648_n.jpg?stp=c1.0.80.80a_cp0_dst-jpg_p80x80&_nc_cat=104&ccb=1-7&_nc_sid=3e7bcd&_nc_ohc=yN-tcOcZQ54AX-3Ecb0&_nc_ht=scontent-atl3-2.xx&oh=00_AfCsVt2kL3eImfDhDHm0cUtJYl51VhRNqoxyeaTNOphLRg&oe=652B6E06,n/a,n/a,https://www.facebook.com/tariq.abbas.796
https://scontent-atl3-1.xx.fbcdn.net/v/t39.30808-1/289644201_110713491679758_5302279599388395573_n.jpg?stp=cp0_dst-jpg_p80x80&_nc_cat=107&ccb=1-7&_nc_sid=befaf1&_nc_ohc=TnPCo-KETSMAX_ah6x3&_nc_ht=scontent-atl3-1.xx&oh=00_AfAnnZSu4riCYVmXGxUh1_7iSmUVEnCPZxY0qqWRtYuhnw&oe=65087AE9,n/a,n/a,https://www.facebook.com/profile.php?id=100082233233572
https://scontent-atl3-1.xx.fbcdn.net/v/t39.30808-1/369985895_865706981639308_6502228674300334137_n.jpg?stp=cp0_dst-jpg_p80x80&_nc_cat=103&ccb=1-7&_nc_sid=befaf1&_nc_ohc=Yo198pfnjf8AX9gV1H5&_nc_ht=scontent-atl3-1.xx&oh=00_AfDUquYtIlzYgCejlM_TGKa5BBK0u4AHOBxIstsabLpgQA&oe=6508B4CC,n/a,n/a,https://www.facebook.com/profile.php?id=100046000423895
https://scontent-atl3-1.xx.fbcdn.net/v/t39.30808-1/331335528_1818985511830446_1696459127394214257_n.jpg?stp=cp0_dst-jpg_p80x80&_nc_cat=108&ccb=1-7&_nc_sid=befaf1&_nc_ohc=zS39LfMIEpQAX_-I8gn&_nc_ht=scontent-atl3-1.xx&oh=00_AfD-Kz8nzB-Z0WpluP1EtfBmeIApltfqG-Q--9cM4QrIlA&oe=65082969,n/a,n/a,https://www.facebook.com/walid.souf.5
https://scontent-atl3-1.xx.fbcdn.net/v/t39.30808-1/280291636_1638916393147358_8918887847750578685_n.jpg?stp=cp0_dst-jpg_p80x80&_nc_cat=103&ccb=1-7&_nc_sid=befaf1&_nc_ohc=QvQH7p0u2NQAX8JWqH5&_nc_ht=scontent-atl3-1.xx&oh=00_AfCjCovBL2ze1Jxui44CIIuBnX4kWWY8hBiYu3RK0_TtSQ&oe=65095F8D,n/a,n/a,https://www.facebook.com/profile.php?id=100010870391072
https://scontent-atl3-1.xx.fbcdn.net/v/t39.30808-1/366734546_796349455549059_1228257936838085862_n.jpg?stp=cp0_dst-jpg_p80x80&_nc_cat=100&ccb=1-7&_nc_sid=befaf1&_nc_ohc=8CaCQ_BV84cAX--keTL&_nc_oc=AQmwefceTPedv8HTNI_IwUsHRqDViBF6nLYIwH6C0TgTyYRpmueQ7Gw-syQbu4TwM4o&_nc_ht=scontent-atl3-1.xx&oh=00_AfBDH6DUF3k8D8JfAVH4utOFJgrgPCVMkKyXho-SM306xw&oe=65080873,n/a,n/a,https://www.facebook.com/mohammed.aitta.5
https://scontent-atl3-1.xx.fbcdn.net/v/t39.30808-1/361637758_1934820533560917_5870334396681775125_n.jpg?stp=cp0_dst-jpg_p80x80&_nc_cat=100&ccb=1-7&_nc_sid=befaf1&_nc_ohc=U4-wfOe78oAAX9xIalA&_nc_ht=scontent-atl3-1.xx&oh=00_AfBv3SJARyJb3yr9ZODVE5KqCcF0Od1yLIXDKaWFSD4Hxw&oe=65098CB4,n/a,n/a,https://www.facebook.com/profile.php?id=100010989661201
https://scontent-atl3-2.xx.fbcdn.net/v/t39.30808-1/285246723_1405836969927794_5570807234886483554_n.jpg?stp=cp0_dst-jpg_p80x80&_nc_cat=104&ccb=1-7&_nc_sid=befaf1&_nc_ohc=5Myy0LZLNHYAX-l4M7f&_nc_ht=scontent-atl3-2.xx&oh=00_AfA50Je0lZqw12nsRbh2P1kVcDwEJI1Snp4pYSYtpOeotg&oe=6509BFBA,n/a,n/a,https://www.facebook.com/profile.php?id=100015045136331
https://scontent-atl3-2.xx.fbcdn.net/v/t39.30808-1/366742981_1252866568749708_4997622024315258380_n.jpg?stp=cp0_dst-jpg_p80x80&_nc_cat=105&ccb=1-7&_nc_sid=befaf1&_nc_ohc=VnqIqsAGtVoAX-dSNk_&_nc_ht=scontent-atl3-2.xx&oh=00_AfCLjkt6htR7mlod-fprYwVxm282fYPqEgpkRA4NyJzilg&oe=650968FD,n/a,n/a,https://www.facebook.com/profile.php?id=100020791312848
https://scontent-atl3-1.xx.fbcdn.net/v/t1.30497-1/143086968_2856368904622192_1959732218791162458_n.png?stp=cp0_dst-png_p80x80&_nc_cat=1&ccb=1-7&_nc_sid=3e7bcd&_nc_ohc=_ab5UjSXWS0AX-sBgzY&_nc_ht=scontent-atl3-1.xx&oh=00_AfC-LIBSM6lONYkojzUHTiTOPoi7TmN1y3h866v-HqHiAw&oe=652B8CF8,n/a,n/a,https://www.facebook.com/profile.php?id=100094492792130
https://scontent-atl3-2.xx.fbcdn.net/v/t39.30808-1/347384499_253954367332027_1777218893849868676_n.jpg?stp=cp0_dst-jpg_p80x80&_nc_cat=102&ccb=1-7&_nc_sid=befaf1&_nc_ohc=RCpO6mDySpoAX-zKdy9&_nc_ht=scontent-atl3-2.xx&oh=00_AfBF9Tx7itKnsRzK0dQIJaNteYiMrK6sADya4UUxNRuc2g&oe=65080ACD,n/a,n/a,https://www.facebook.com/profile.php?id=100081523968001
https://scontent-atl3-1.xx.fbcdn.net/v/t39.30808-1/285987060_5090772027656608_7665455693218033432_n.jpg?stp=cp0_dst-jpg_p80x80&_nc_cat=100&ccb=1-7&_nc_sid=befaf1&_nc_ohc=ypqfe-q6bY0AX9iV2dq&_nc_ht=scontent-atl3-1.xx&oh=00_AfAStZA3uweKZxEfQLhPzET5KgOGOkji9A-Z4f3QU7NMLA&oe=6508A81D,n/a,n/a,https://www.facebook.com/ekramey.rashed
https://scontent-atl3-1.xx.fbcdn.net/v/t1.6435-1/122667049_195589418640864_5105600122618746928_n.jpg?stp=cp0_dst-jpg_p80x80&_nc_cat=106&ccb=1-7&_nc_sid=3e7bcd&_nc_ohc=EmXWr60LZjEAX99-hz2&_nc_ht=scontent-atl3-1.xx&oh=00_AfAUtSqNKV04WG1oivK0qRbfm71JINhR1V0y9sj8NsozXA&oe=652B9C55,n/a,n/a,https://www.facebook.com/profile.php?id=100045694211685
https://scontent-atl3-1.xx.fbcdn.net/v/t1.6435-1/140459712_102576931837270_3719511036717304971_n.jpg?stp=cp0_dst-jpg_p80x80&_nc_cat=103&ccb=1-7&_nc_sid=3e7bcd&_nc_ohc=OHdZieMJJVUAX9IITVs&_nc_ht=scontent-atl3-1.xx&oh=00_AfB949K-ngjpFi1kax8KHxfzl0voKaeY1avxzIP5OkZSzw&oe=652B8785,n/a,n/a,https://www.facebook.com/najm.maadal
https://scontent-atl3-1.xx.fbcdn.net/v/t39.30808-1/346057841_557798553222430_8968262382087779840_n.jpg?stp=cp0_dst-jpg_p80x80&_nc_cat=110&ccb=1-7&_nc_sid=befaf1&_nc_ohc=kAUrD6hCmlcAX-hV_6D&_nc_ht=scontent-atl3-1.xx&oh=00_AfCNo-9ZOW5Zuu03-f6P9xKXK08XaqA_ksgpCNgloz5y-w&oe=65096894,n/a,n/a,https://www.facebook.com/profile.php?id=100092434701771
https://scontent-atl3-2.xx.fbcdn.net/v/t1.6435-1/185277455_3581140985445015_5530842467908236173_n.jpg?stp=cp0_dst-jpg_p80x80&_nc_cat=111&ccb=1-7&_nc_sid=3e7bcd&_nc_ohc=TXUbkg9XVLkAX_SEIbl&_nc_ht=scontent-atl3-2.xx&oh=00_AfDkm5s3CGGkXmAoocBSNamAIm3thuBb5adVqjezzT2CdQ&oe=652B9AE2,n/a,n/a,https://www.facebook.com/profile.php?id=100006474476740
https://scontent-atl3-1.xx.fbcdn.net/v/t39.30808-1/308548154_3198246113763697_6554943702126695584_n.jpg?stp=cp0_dst-jpg_p80x80&_nc_cat=110&ccb=1-7&_nc_sid=befaf1&_nc_ohc=2YrW6-SCulsAX9yhV1B&_nc_ht=scontent-atl3-1.xx&oh=00_AfCK0aXbbtoTHg6MYN0gDg7CCxayNvmU0cQpBs4bAbNwWw&oe=65081681,n/a,n/a,https://www.facebook.com/profile.php?id=100007350192724
https://scontent-atl3-1.xx.fbcdn.net/v/t39.30808-1/350528543_264719432712657_5643780379395341083_n.jpg?stp=c0.0.80.80a_cp0_dst-jpg_p80x80&_nc_cat=110&ccb=1-7&_nc_sid=befaf1&_nc_ohc=tF6frcsTKEAAX8n-_uq&_nc_ht=scontent-atl3-1.xx&oh=00_AfCTFowGBJk8AmKjUO23PaA-PrL_XzHBGQ5OxXCVnQ4i_A&oe=6508D66E,n/a,n/a,https://www.facebook.com/nada.kwasi.5
https://scontent-atl3-2.xx.fbcdn.net/v/t1.6435-1/180303339_293057382444938_5451326931951191542_n.jpg?stp=cp0_dst-jpg_p80x80&_nc_cat=101&ccb=1-7&_nc_sid=3e7bcd&_nc_ohc=Ht-_YotvSCYAX-mAvmH&_nc_ht=scontent-atl3-2.xx&oh=00_AfDqVowHhQHo45j2dS0ja3TapnrcRF0n2T_duX9lF8IAKg&oe=652B7F0B,n/a,n/a,https://www.facebook.com/elkin.ufrey
https://scontent-atl3-1.xx.fbcdn.net/v/t1.18169-1/12241339_1530149233968307_555805015662235259_n.jpg?stp=cp0_dst-jpg_p80x80&_nc_cat=108&ccb=1-7&_nc_sid=3e7bcd&_nc_ohc=uCyYezKhgzYAX958isv&_nc_ht=scontent-atl3-1.xx&oh=00_AfCMwa7-6qLoS257JL7LFMtgmUB9Iq53e4N8-JHLr1lvEg&oe=652B9869,n/a,n/a,https://www.facebook.com/vanni.forese
https://scontent-atl3-1.xx.fbcdn.net/v/t1.6435-1/92413276_1099458667086116_4072926690911715328_n.jpg?stp=cp0_dst-jpg_p80x80&_nc_cat=106&ccb=1-7&_nc_sid=3e7bcd&_nc_ohc=InX3Xr6z6S8AX_JhwB-&_nc_ht=scontent-atl3-1.xx&oh=00_AfDZAEPLIchmR5LjYpKQ-v-fnewFVeE_zzYTsBTGmaZWZg&oe=652B6A42,n/a,n/a,https://www.facebook.com/profile.php?id=100010659782209
https://scontent-atl3-2.xx.fbcdn.net/v/t1.6435-1/68679961_105180590845582_5862793615041888256_n.jpg?stp=cp0_dst-jpg_p80x80&_nc_cat=104&ccb=1-7&_nc_sid=3e7bcd&_nc_ohc=4mZbA7IK-6IAX99XMyY&_nc_ht=scontent-atl3-2.xx&oh=00_AfDct5UKquxcxq0mJ-p8o-yVlWmSn_CskpPL84Ah9ENfFQ&oe=652B8AE9,n/a,n/a,https://www.facebook.com/profile.php?id=100040609239472
https://scontent-atl3-2.xx.fbcdn.net/v/t31.18172-1/616643_107155396099542_501135624_o.jpg?stp=c83.83.1034.1034a_cp0_dst-jpg_s80x80&_nc_cat=104&ccb=1-7&_nc_sid=3e7bcd&_nc_ohc=12v0xRXAv3AAX8xQtBz&_nc_oc=AQkMUzGvfBlgGZ54Gbh_KVYXHkViwdeKwVgl57eRYfEnBr4a3BWCLNTpjromBFjqLKE&_nc_ht=scontent-atl3-2.xx&oh=00_AfCUHrXvmE1qelRiAPe5_MpUyY6I6Zp3d1rLkPIptAkOMQ&oe=652B732A,n/a,n/a,https://www.facebook.com/profile.php?id=100004152462797
https://scontent-atl3-2.xx.fbcdn.net/v/t39.30808-1/241745977_594260511573244_6781770978444702124_n.jpg?stp=cp0_dst-jpg_p80x80&_nc_cat=102&ccb=1-7&_nc_sid=befaf1&_nc_ohc=BkVBRAN06HUAX8wnooN&_nc_ht=scontent-atl3-2.xx&oh=00_AfAXUMcyBBhpMLlYdR99XTlmKw2BBa07b1IdVMZvaWE0qQ&oe=650890E6,n/a,n/a,https://www.facebook.com/profile.php?id=100029679008193
https://scontent-atl3-1.xx.fbcdn.net/v/t1.6435-1/54175245_2190140511301175_3475828723830226944_n.jpg?stp=cp0_dst-jpg_p80x80&_nc_cat=109&ccb=1-7&_nc_sid=3e7bcd&_nc_ohc=NLe4N7kUHjEAX_Zv7aG&_nc_ht=scontent-atl3-1.xx&oh=00_AfB0QgHZCvJmgFBvdjM2hU9wgDIdyFtVVcHmwPWUFPpt6w&oe=652B73DD,n/a,n/a,https://www.facebook.com/profile.php?id=100009157435718
https://scontent-atl3-2.xx.fbcdn.net/v/t31.18172-1/24301997_1622643137793899_6143731898809346540_o.jpg?stp=cp0_dst-jpg_p80x80&_nc_cat=104&ccb=1-7&_nc_sid=3e7bcd&_nc_ohc=vQ1Iq8Na_wcAX8qPhMm&_nc_ht=scontent-atl3-2.xx&oh=00_AfDFOAyOcZvngDwz4NaUfYA4A-9dXE7mqt47FUqg1F6fbQ&oe=652B9E06,n/a,n/a,https://www.facebook.com/hbib.riahi
https://scontent-atl3-1.xx.fbcdn.net/v/t1.30497-1/143086968_2856368904622192_1959732218791162458_n.png?stp=cp0_dst-png_p80x80&_nc_cat=1&ccb=1-7&_nc_sid=3e7bcd&_nc_ohc=_ab5UjSXWS0AX-sBgzY&_nc_ht=scontent-atl3-1.xx&oh=00_AfC-LIBSM6lONYkojzUHTiTOPoi7TmN1y3h866v-HqHiAw&oe=652B8CF8,n/a,n/a,https://www.facebook.com/profile.php?id=100085404731382
https://scontent-atl3-1.xx.fbcdn.net/v/t39.30808-1/321282668_705360801111932_4679248571113741482_n.jpg?stp=cp0_dst-jpg_p80x80&_nc_cat=109&ccb=1-7&_nc_sid=befaf1&_nc_ohc=DthIpixH6OgAX9jamgF&_nc_ht=scontent-atl3-1.xx&oh=00_AfCsvnLMhdvNPw55ao5VVIQlg96MzJHvKgQDeZx7CiMjMg&oe=65081A81,n/a,n/a,https://www.facebook.com/profile.php?id=100080337709023
https://scontent-atl3-1.xx.fbcdn.net/v/t39.30808-1/333407888_526910612880044_3171190665591559208_n.jpg?stp=cp0_dst-jpg_p80x80&_nc_cat=106&ccb=1-7&_nc_sid=befaf1&_nc_ohc=s_DpX69uzVsAX-s7Osk&_nc_ht=scontent-atl3-1.xx&oh=00_AfA20eHNtK02BGEjb05c_mt7DCNPEkaPKLntDa8xHFpA6Q&oe=65099F20,n/a,n/a,https://www.facebook.com/mii.zou.5205
https://scontent-atl3-1.xx.fbcdn.net/v/t39.30808-1/283702653_496446442267008_7116662836393939759_n.jpg?stp=cp0_dst-jpg_p80x80&_nc_cat=107&ccb=1-7&_nc_sid=befaf1&_nc_ohc=qnv7Exmkaj8AX9oYR8I&_nc_ht=scontent-atl3-1.xx&oh=00_AfDxCYHVMpagF7NoRc-Q87qc-W84-r1-FiapiOEo7JR7UA&oe=65094BB7,n/a,n/a,https://www.facebook.com/profile.php?id=100057049683123
https://scontent-atl3-1.xx.fbcdn.net/v/t1.30497-1/143086968_2856368904622192_1959732218791162458_n.png?stp=cp0_dst-png_p80x80&_nc_cat=1&ccb=1-7&_nc_sid=3e7bcd&_nc_ohc=_ab5UjSXWS0AX-sBgzY&_nc_ht=scontent-atl3-1.xx&oh=00_AfC-LIBSM6lONYkojzUHTiTOPoi7TmN1y3h866v-HqHiAw&oe=652B8CF8,n/a,n/a,https://www.facebook.com/profile.php?id=100006658059973
https://scontent-atl3-1.xx.fbcdn.net/v/t39.30808-1/241821887_1636087510055503_2786982291705899963_n.jpg?stp=cp0_dst-jpg_p80x80&_nc_cat=110&ccb=1-7&_nc_sid=befaf1&_nc_ohc=QfEZLxPC_zMAX9oWm8z&_nc_ht=scontent-atl3-1.xx&oh=00_AfBaUW_iA4tHQI3bEtblAyf7CUs0OeekI-_Fex6IBBx71g&oe=65096CD1,n/a,n/a,https://www.facebook.com/profile.php?id=100009628093788
https://scontent-atl3-2.xx.fbcdn.net/v/t39.30808-1/314914249_483314847229423_2605541609294242895_n.jpg?stp=cp0_dst-jpg_p80x80&_nc_cat=102&ccb=1-7&_nc_sid=befaf1&_nc_ohc=wb3YtyL3WL8AX-79Yee&_nc_ht=scontent-atl3-2.xx&oh=00_AfCH6nu0UAZ5WfpQnU56X8-2hUbaHJaWMp1Svpqp54fj1A&oe=6508639F,n/a,n/a,https://www.facebook.com/profile.php?id=100066527347535
https://scontent-atl3-2.xx.fbcdn.net/v/t39.30808-1/353048586_560781386226997_1076245642862782876_n.jpg?stp=cp0_dst-jpg_p80x80&_nc_cat=105&ccb=1-7&_nc_sid=befaf1&_nc_ohc=1McLGlhMqTgAX9O_Faq&_nc_ht=scontent-atl3-2.xx&oh=00_AfC601QpoWHk1sQJW_SJDl8NStbLLmi-8-xqvL9bngwXNg&oe=65089664,n/a,n/a,https://www.facebook.com/profile.php?id=100068854224808
https://scontent-atl3-1.xx.fbcdn.net/v/t39.30808-1/371349607_122099757830023973_3163191381341926807_n.jpg?stp=cp0_dst-jpg_p80x80&_nc_cat=100&ccb=1-7&_nc_sid=befaf1&_nc_ohc=RcBYeQ-kTz8AX_aighM&_nc_ht=scontent-atl3-1.xx&oh=00_AfD8nPGfoBs8C7J4iBIisJ5IaMZ0La5s54tXElkZ9N1Dng&oe=6508D3E8,n/a,n/a,https://www.facebook.com/profile.php?id=61550719202044
https://scontent-atl3-2.xx.fbcdn.net/v/t39.30808-1/306996193_459439236203681_4455414342228628364_n.jpg?stp=cp0_dst-jpg_p80x80&_nc_cat=111&ccb=1-7&_nc_sid=befaf1&_nc_ohc=0G20kaELVjAAX9Xs4eB&_nc_ht=scontent-atl3-2.xx&oh=00_AfAtQq0vPJcbUVhwH5E3sxO3k_yOdqFckUkGAnVpvxqgGQ&oe=6509B32F,n/a,n/a,https://www.facebook.com/profile.php?id=100064128255401
https://scontent-atl3-1.xx.fbcdn.net/v/t39.30808-1/279738614_109837828386692_1295480313048929260_n.jpg?stp=cp0_dst-jpg_p80x80&_nc_cat=109&ccb=1-7&_nc_sid=befaf1&_nc_ohc=HV3X4F73ADYAX-OADcm&_nc_ht=scontent-atl3-1.xx&oh=00_AfAiGApJTpZP6mwxjubFkUw2fEBtapTxFucWscm64WRQnA&oe=65099CB5,n/a,n/a,https://www.facebook.com/profile.php?id=100080814255394
https://scontent-atl3-2.xx.fbcdn.net/v/t39.30808-1/369457080_275450908531077_7729787105430179505_n.jpg?stp=c0.0.80.80a_cp0_dst-jpg_p80x80&_nc_cat=101&ccb=1-7&_nc_sid=befaf1&_nc_ohc=HQJM33jLjnQAX9TSaoo&_nc_ht=scontent-atl3-2.xx&oh=00_AfAOk5taWiUN3xKw9tZm_8m7_naPKt0oFtGHgrpR0rHq9A&oe=6508F8E6,n/a,n/a,https://www.facebook.com/profile.php?id=100081985098597
https://scontent-atl3-1.xx.fbcdn.net/v/t39.30808-1/370829000_832367158356726_3924756695285747849_n.jpg?stp=cp0_dst-jpg_p80x80&_nc_cat=109&ccb=1-7&_nc_sid=befaf1&_nc_ohc=Gw9OiVULgCUAX993Pnr&_nc_ht=scontent-atl3-1.xx&oh=00_AfA0IAYO0Q5Vw8s1oqs_PBQLRXefUfXlr94eaVmxssbSag&oe=65098379,n/a,n/a,https://www.facebook.com/amr.ahmd.1401
https://scontent-atl3-2.xx.fbcdn.net/v/t1.6435-1/167562733_224042869503807_5010789020157380800_n.jpg?stp=cp0_dst-jpg_p80x80&_nc_cat=102&ccb=1-7&_nc_sid=3e7bcd&_nc_ohc=8EMbciNz8eoAX-CzPtY&_nc_ht=scontent-atl3-2.xx&oh=00_AfA7f0xs-3qShWy94y8sd8JuykohRO0eHo0go-Miu63VsA&oe=652B7E7F,n/a,n/a,https://www.facebook.com/profile.php?id=100056942861936
https://scontent-atl3-2.xx.fbcdn.net/v/t1.6435-1/151976384_811759642886808_107195652533329726_n.jpg?stp=cp0_dst-jpg_p80x80&_nc_cat=105&ccb=1-7&_nc_sid=3e7bcd&_nc_ohc=Wt_Uw46NByUAX_hMh3D&_nc_ht=scontent-atl3-2.xx&oh=00_AfAtnUut74DOd4_cTOicCNGYmSA6OICummKUJ0Eoj-0mJA&oe=652B85E3,n/a,n/a,https://www.facebook.com/walid.mtawle.7
https://scontent-atl3-2.xx.fbcdn.net/v/t39.30808-1/347611513_321302907132323_7930599983923405268_n.jpg?stp=cp0_dst-jpg_p80x80&_nc_cat=101&ccb=1-7&_nc_sid=befaf1&_nc_ohc=2OpSCC2UTM8AX9SrjYs&_nc_oc=AQmHklXr64SwqGfcue3hm1rWP1UgFJcXpGwpvW5zIg8PC-blWE0ZSxcun-l65z4lakw&_nc_ht=scontent-atl3-2.xx&oh=00_AfAVwlm722iMD_MlazcccMDgAhtyiop8kJ7fRPdsislH8Q&oe=6509BF79,n/a,n/a,https://www.facebook.com/profile.php?id=100077578477302
https://scontent-atl3-1.xx.fbcdn.net/v/t1.18169-1/10350408_662316160517352_2209712470617269008_n.jpg?stp=c3.0.80.80a_cp0_dst-jpg_p80x80&_nc_cat=107&ccb=1-7&_nc_sid=3e7bcd&_nc_ohc=4PDnkaAp990AX8GaXrX&_nc_ht=scontent-atl3-1.xx&oh=00_AfBPcxIlo2kXGpt76PslgpBnk5B_Ui7eCbPzQB-omwCcVA&oe=652B8C2A,n/a,n/a,https://www.facebook.com/nmraletti
https://scontent-atl3-2.xx.fbcdn.net/v/t39.30808-1/272715660_102005802399808_1339872239801859672_n.jpg?stp=cp0_dst-jpg_p80x80&_nc_cat=102&ccb=1-7&_nc_sid=befaf1&_nc_ohc=h889TG9SB2YAX_fOyjG&_nc_ht=scontent-atl3-2.xx&oh=00_AfDM0eUC7cCAkcuLY4XSQXHug6mQU7GInoZGDPskROz0JQ&oe=65096BA0,n/a,n/a,https://www.facebook.com/profile.php?id=100077711643540
https://scontent-atl3-1.xx.fbcdn.net/v/t39.30808-1/315755722_2360603017420611_6918904631221312682_n.jpg?stp=c0.0.80.80a_cp0_dst-jpg_p80x80&_nc_cat=110&ccb=1-7&_nc_sid=befaf1&_nc_ohc=j2FU8Ec7z9YAX8A2tLJ&_nc_ht=scontent-atl3-1.xx&oh=00_AfCBR6XLqrW01mAUKZ-Sc3EbGp9tah59wIVJ6-x8K7VEvQ&oe=6508227F,n/a,n/a,https://www.facebook.com/yasserabozayed
https://scontent-atl3-2.xx.fbcdn.net/v/t39.30808-1/334115168_1682461005521304_240100865437860296_n.jpg?stp=cp0_dst-jpg_p80x80&_nc_cat=104&ccb=1-7&_nc_sid=befaf1&_nc_ohc=LROkQIVMuEkAX8e8U1m&_nc_ht=scontent-atl3-2.xx&oh=00_AfBO85Bi1bpHMOOdJoHquLAAM9aNM1JcxgflYK7RRLBeaQ&oe=650972E0,n/a,n/a,https://www.facebook.com/profile.php?id=100061833976843
https://scontent-atl3-2.xx.fbcdn.net/v/t39.30808-1/285682209_103991089006307_4880133068588166714_n.jpg?stp=cp0_dst-jpg_p80x80&_nc_cat=102&ccb=1-7&_nc_sid=befaf1&_nc_ohc=y8pnryJS1ygAX8Csx7Z&_nc_ht=scontent-atl3-2.xx&oh=00_AfDMn19hoJbCx3e0Ziyb7QUg7ClP5iUl10mur-bBK_msSQ&oe=6508387C,n/a,n/a,https://www.facebook.com/profile.php?id=100081862481507
https://scontent-atl3-1.xx.fbcdn.net/v/t1.6435-1/116103025_138232204590447_4485548196556373813_n.jpg?stp=cp0_dst-jpg_p80x80&_nc_cat=107&ccb=1-7&_nc_sid=3e7bcd&_nc_ohc=kunFzCLxyCMAX_sG9Mk&_nc_ht=scontent-atl3-1.xx&oh=00_AfD7II7QAlYNDIHJqYK9Q-c6w_F5VzmskE8_MMARmgytKQ&oe=652B90D9,n/a,n/a,https://www.facebook.com/emir.musinovic.39
https://scontent-atl3-1.xx.fbcdn.net/v/t1.30497-1/143086968_2856368904622192_1959732218791162458_n.png?stp=cp0_dst-png_p80x80&_nc_cat=1&ccb=1-7&_nc_sid=3e7bcd&_nc_ohc=_ab5UjSXWS0AX-sBgzY&_nc_ht=scontent-atl3-1.xx&oh=00_AfC-LIBSM6lONYkojzUHTiTOPoi7TmN1y3h866v-HqHiAw&oe=652B8CF8,n/a,n/a,https://www.facebook.com/eisaa.alharbi
https://scontent-atl3-2.xx.fbcdn.net/v/t39.30808-1/336549662_549186614012435_6045451634641463005_n.jpg?stp=cp0_dst-jpg_p80x80&_nc_cat=111&ccb=1-7&_nc_sid=befaf1&_nc_ohc=jBxbsaNszrwAX8AHivY&_nc_ht=scontent-atl3-2.xx&oh=00_AfA5n9rJGDO1tpw4kZoF1wWMl_QB_Kfw0evkepskTkbI_g&oe=65081B9C,n/a,n/a,https://www.facebook.com/manel.mannoula.52493
https://scontent-atl3-1.xx.fbcdn.net/v/t1.6435-1/128275623_3509029599172575_2177306639729588154_n.jpg?stp=cp0_dst-jpg_p80x80&_nc_cat=109&ccb=1-7&_nc_sid=3e7bcd&_nc_ohc=_CRhxceEq_MAX9ykCtE&_nc_ht=scontent-atl3-1.xx&oh=00_AfDGFv4UuKMrbYboYShXG2JKE_-7P0hNJ0kKSQD2Qsoykw&oe=652B8985,n/a,n/a,https://www.facebook.com/profile.php?id=100001967094630
https://scontent-atl3-1.xx.fbcdn.net/v/t39.30808-1/312148320_3304373113169344_6404757701255538260_n.jpg?stp=cp0_dst-jpg_p80x80&_nc_cat=107&ccb=1-7&_nc_sid=befaf1&_nc_ohc=7AscW4F_sJoAX-zDTl2&_nc_ht=scontent-atl3-1.xx&oh=00_AfAdCZDQJ4gZcp3bSJt_kDpDC1kOW8SaZaodS4qmWa6npg&oe=65085F29,n/a,n/a,https://www.facebook.com/profile.php?id=100007900630473
https://scontent-atl3-1.xx.fbcdn.net/v/t1.6435-1/32833991_312582405942214_7996047095792402432_n.jpg?stp=cp0_dst-jpg_p80x80&_nc_cat=103&ccb=1-7&_nc_sid=3e7bcd&_nc_ohc=ieNG5goLWdcAX8i_o2A&_nc_ht=scontent-atl3-1.xx&oh=00_AfCE0kMO5E7BGCGTrbqSTRNHeCvB__IxnseWXwV27h2RCw&oe=652B8A6E,n/a,n/a,https://www.facebook.com/profile.php?id=100015713704231
https://scontent-atl3-1.xx.fbcdn.net/v/t39.30808-1/357441660_1269458267294561_4282808777381208056_n.jpg?stp=cp0_dst-jpg_p80x80&_nc_cat=106&ccb=1-7&_nc_sid=befaf1&_nc_ohc=041LIpeyKe8AX_pf2lE&_nc_ht=scontent-atl3-1.xx&oh=00_AfA8s1hYruDhNRVjmWAbzhKVgg0eeDc-pIy-lUWcNSOvdg&oe=6509E391,n/a,n/a,https://www.facebook.com/profile.php?id=100026911997560
https://scontent-atl3-1.xx.fbcdn.net/v/t1.6435-1/134596506_3504368896454980_4606005240601308935_n.jpg?stp=cp0_dst-jpg_p80x80&_nc_cat=103&ccb=1-7&_nc_sid=3e7bcd&_nc_ohc=NpkosM9--08AX_ZLGAm&_nc_ht=scontent-atl3-1.xx&oh=00_AfD5-bysNaigbKRsndx46taexRXacXe9S26suwpkZT_RFA&oe=652B7A1F,n/a,n/a,https://www.facebook.com/profile.php?id=100006457126887
https://scontent-atl3-1.xx.fbcdn.net/v/t39.30808-1/362224826_219200914433107_3068360164616196591_n.jpg?stp=cp0_dst-jpg_p80x80&_nc_cat=108&ccb=1-7&_nc_sid=befaf1&_nc_ohc=NQHmjd9ASaIAX_NXGwF&_nc_ht=scontent-atl3-1.xx&oh=00_AfCBKaV1YWMW5VgRIMvc9PreJPh_RRY3IMNZf5WtRiYmKQ&oe=6508DA5D,n/a,n/a,https://www.facebook.com/profile.php?id=100090295986439
https://scontent-atl3-2.xx.fbcdn.net/v/t39.30808-1/376803668_1990171667997162_7221743229573405157_n.jpg?stp=cp0_dst-jpg_p80x80&_nc_cat=105&ccb=1-7&_nc_sid=befaf1&_nc_ohc=99-KYe4H5vEAX-JOfye&_nc_ht=scontent-atl3-2.xx&oh=00_AfBkl7bU0KILZisBP8Mt332bxu3Aa3kOofStsta8aBHA_g&oe=6508439A,n/a,n/a,https://www.facebook.com/profile.php?id=100010130439203
https://scontent-atl3-2.xx.fbcdn.net/v/t39.30808-1/276095397_683170696466726_4110067519301662319_n.jpg?stp=cp0_dst-jpg_p80x80&_nc_cat=104&ccb=1-7&_nc_sid=befaf1&_nc_ohc=VHyGQCzFQN8AX_r2KPu&_nc_ht=scontent-atl3-2.xx&oh=00_AfAn3OZ6odJ_5AjP6hHtYcI9uOWA-uvgB8S8q4mMoBBF2w&oe=65095C5C,n/a,n/a,https://www.facebook.com/hasanen.mohamed.73
https://scontent-atl3-1.xx.fbcdn.net/v/t39.30808-1/336489530_8866513200087282_6620211212432789333_n.jpg?stp=cp0_dst-jpg_p80x80&_nc_cat=106&ccb=1-7&_nc_sid=befaf1&_nc_ohc=VzUi8bO1jawAX_iAQ5o&_nc_ht=scontent-atl3-1.xx&oh=00_AfBjeko8O23J2_z6zZbqo3tn0hKohrLBCLleR5bE9vyyJA&oe=6509FDCE,n/a,n/a,https://www.facebook.com/profile.php?id=100065212030963
https://scontent-atl3-1.xx.fbcdn.net/v/t39.30808-1/239404268_140240824927211_6219106181606928315_n.jpg?stp=cp0_dst-jpg_p80x80&_nc_cat=107&ccb=1-7&_nc_sid=befaf1&_nc_ohc=6xu2OqWaHBkAX-vJUc4&_nc_ht=scontent-atl3-1.xx&oh=00_AfBK-J6el33qC4cfTa4t92YG4NjIM6AQQCSEx5v0dgkMMA&oe=6509C07E,n/a,n/a,https://www.facebook.com/profile.php?id=100068238832955
https://scontent-atl3-2.xx.fbcdn.net/v/t39.30808-1/377506782_1486148538878329_3701813412691162205_n.jpg?stp=cp0_dst-jpg_p80x80&_nc_cat=104&ccb=1-7&_nc_sid=befaf1&_nc_ohc=dwMXWT1op8cAX9ZgVzG&_nc_ht=scontent-atl3-2.xx&oh=00_AfDUiwGhivVkcKY5C24IR0QIDLSLwZwuMZ9aUQfQEBtfQA&oe=6509B25A,n/a,n/a,https://www.facebook.com/profile.php?id=100024495923062
https://scontent-atl3-2.xx.fbcdn.net/v/t39.30808-1/264216547_441852034019877_179089744039693329_n.jpg?stp=cp0_dst-jpg_p80x80&_nc_cat=111&ccb=1-7&_nc_sid=befaf1&_nc_ohc=GGi1giNIpAcAX9DNwwF&_nc_ht=scontent-atl3-2.xx&oh=00_AfDhZJV3rYB-H5O_e094wr5k8oFIdD4Ils684WnA9X3lKQ&oe=6509CDB2,n/a,n/a,https://www.facebook.com/profile.php?id=100045852514859
https://scontent-atl3-1.xx.fbcdn.net/v/t39.30808-1/362937067_104331199416974_5750734177213598035_n.jpg?stp=cp0_dst-jpg_p80x80&_nc_cat=108&ccb=1-7&_nc_sid=befaf1&_nc_ohc=NRWodxGUytkAX8N6aPl&_nc_ht=scontent-atl3-1.xx&oh=00_AfA3rNT0Qtlss51oksRQrGVNwvyIOyYsjYeDukiomJXMhw&oe=6508BF72,n/a,n/a,https://www.facebook.com/profile.php?id=100095202819428
https://scontent-atl3-1.xx.fbcdn.net/v/t39.30808-1/321827881_691745065924134_1996697839901116809_n.jpg?stp=cp6_dst-jpg_p80x80&_nc_cat=110&ccb=1-7&_nc_sid=befaf1&_nc_ohc=U3lILiTLX6gAX8SeE12&_nc_ht=scontent-atl3-1.xx&oh=00_AfBKHyYMtRAOtfXbGAjeV8mxMNzGCa7d2W6ww5DRasOlow&oe=65087A64,n/a,n/a,https://www.facebook.com/mohammad.khoja.3572
https://scontent-atl3-1.xx.fbcdn.net/v/t1.18169-1/18671066_105426693381592_5243733940044641545_n.jpg?stp=cp0_dst-jpg_p80x80&_nc_cat=108&ccb=1-7&_nc_sid=3e7bcd&_nc_ohc=06XEWtenb-QAX-rHXWP&_nc_ht=scontent-atl3-1.xx&oh=00_AfBXQlNz62qTae_DPxTH73sstu-tMVB8KsgMCakj3AomOQ&oe=652B67BC,n/a,n/a,https://www.facebook.com/alaa.king.10004694
https://scontent-atl3-1.xx.fbcdn.net/v/t39.30808-1/324722923_1135202747359983_4533282907751426355_n.jpg?stp=cp0_dst-jpg_p80x80&_nc_cat=100&ccb=1-7&_nc_sid=befaf1&_nc_ohc=D9Gd0OUCcEoAX_T6P0c&_nc_ht=scontent-atl3-1.xx&oh=00_AfDXCO5vTNQVCBk250S-H73zUxh7yxsugLLvYyJSZONU6A&oe=6508192D,n/a,n/a,https://www.facebook.com/profile.php?id=100082884084185
https://scontent-atl3-1.xx.fbcdn.net/v/t39.30808-1/376852661_3536286126690716_1993189933130122186_n.jpg?stp=cp0_dst-jpg_p80x80&_nc_cat=100&ccb=1-7&_nc_sid=befaf1&_nc_ohc=Hd_PTEE5IIkAX-J019_&_nc_ht=scontent-atl3-1.xx&oh=00_AfBAIaSkWLZKZ2zUPCbklzdnaRzYUYa2LXNpPHZ3Auub9Q&oe=65087833,n/a,n/a,https://www.facebook.com/profile.php?id=100009280910152
https://scontent-atl3-1.xx.fbcdn.net/v/t39.30808-1/246786506_267533878613585_7916052193550593234_n.jpg?stp=cp0_dst-jpg_p80x80&_nc_cat=109&ccb=1-7&_nc_sid=befaf1&_nc_ohc=rBjBF2JkqM4AX_g-QqH&_nc_ht=scontent-atl3-1.xx&oh=00_AfByOeBP3abosAawcXmDB6BCOma19vlIECYYjfgti_F_lw&oe=65089940,n/a,n/a,https://www.facebook.com/profile.php?id=100060709245403
https://scontent-atl3-1.xx.fbcdn.net/v/t1.18169-1/15027460_661758494006277_96960309831390454_n.jpg?stp=cp0_dst-jpg_p80x80&_nc_cat=106&ccb=1-7&_nc_sid=3e7bcd&_nc_ohc=xKkembX_jcgAX9rX23x&_nc_ht=scontent-atl3-1.xx&oh=00_AfAlMtshUp9N3hDqOuDPc86m8Xbk-MPUgX8y_XI1oTkqCw&oe=652B736A,n/a,n/a,https://www.facebook.com/profile.php?id=100005163969545
https://scontent-atl3-2.xx.fbcdn.net/v/t39.30808-1/345208829_140859485545258_2273300331130263838_n.jpg?stp=cp0_dst-jpg_p80x80&_nc_cat=101&ccb=1-7&_nc_sid=befaf1&_nc_ohc=JJU4T17OnoUAX8vGRjm&_nc_ht=scontent-atl3-2.xx&oh=00_AfD-EYVKJdZC8ggw4bZZgqhUcjRBXCcKml-_nEzUaB2Iaw&oe=6509E241,n/a,n/a,https://www.facebook.com/profile.php?id=100007381784714
https://scontent-atl3-2.xx.fbcdn.net/v/t39.30808-1/350976691_575637241349923_6808766302739246426_n.jpg?stp=cp0_dst-jpg_p80x80&_nc_cat=111&ccb=1-7&_nc_sid=befaf1&_nc_ohc=5ZtiX1HMlLAAX_e7G91&_nc_ht=scontent-atl3-2.xx&oh=00_AfD4gMrw3AmUiBsMZa1pIMp8zM7YXrNdzdn4Anx1S04WFQ&oe=650953B2,n/a,n/a,https://www.facebook.com/profile.php?id=100033302593982
https://scontent-atl3-2.xx.fbcdn.net/v/t39.30808-1/375990538_1953797494991268_6844064716648867946_n.jpg?stp=cp0_dst-jpg_p80x80&_nc_cat=105&ccb=1-7&_nc_sid=befaf1&_nc_ohc=s0PYtvxXCrYAX_bW6M9&_nc_ht=scontent-atl3-2.xx&oh=00_AfCRiJBIbX6IQ-TXRGogQAO69fsjzXnIAL7TPNkQbrPbSQ&oe=6509E1FC,n/a,n/a,https://www.facebook.com/reguige.dahmen
https://scontent-atl3-1.xx.fbcdn.net/v/t39.30808-1/350657101_591490403077450_4117529854959619383_n.jpg?stp=cp0_dst-jpg_p80x80&_nc_cat=109&ccb=1-7&_nc_sid=befaf1&_nc_ohc=VTLrlzzNaBAAX_0MuTb&_nc_ht=scontent-atl3-1.xx&oh=00_AfB9EhsDvoI7eL8garGs_UEsc5fNz35OQ44ac5uK3mLTGw&oe=6509DCB2,n/a,n/a,https://www.facebook.com/profile.php?id=100070404533255
https://scontent-atl3-1.xx.fbcdn.net/v/t39.30808-1/319139250_665862088338106_6287007280421658392_n.jpg?stp=cp0_dst-jpg_p80x80&_nc_cat=109&ccb=1-7&_nc_sid=befaf1&_nc_ohc=qPOuW6QBW2YAX9nB5di&_nc_ht=scontent-atl3-1.xx&oh=00_AfAgfbQ9HbC69tFu4Jr3LRWJ2tJAhwI5XrqJTxLoN3b4bw&oe=6509286F,n/a,n/a,https://www.facebook.com/profile.php?id=100047429617361
https://scontent-atl3-1.xx.fbcdn.net/v/t39.30808-1/244597941_156151633386617_8738814098606019780_n.jpg?stp=cp0_dst-jpg_p80x80&_nc_cat=103&ccb=1-7&_nc_sid=befaf1&_nc_ohc=jK062EBQ__gAX9lV7fJ&_nc_ht=scontent-atl3-1.xx&oh=00_AfAgs7Six8R4QmL6x_fztJOs-KX5Xkq-HNKQcoaP2CCzZA&oe=6508F427,n/a,n/a,https://www.facebook.com/profile.php?id=100069753446109
https://scontent-atl3-2.xx.fbcdn.net/v/t39.30808-1/304876791_126421683475768_4453412482318037280_n.jpg?stp=cp0_dst-jpg_p80x80&_nc_cat=102&ccb=1-7&_nc_sid=befaf1&_nc_ohc=FYKe5WsiJQ0AX8y7nEt&_nc_ht=scontent-atl3-2.xx&oh=00_AfCe8bYOM4RUkRwmlwgKtQ_QEPm_X3oFPePndgb9DgUBZw&oe=65084CF6,n/a,n/a,https://www.facebook.com/profile.php?id=100083238101281
https://scontent-atl3-2.xx.fbcdn.net/v/t39.30808-1/332208524_239710378421774_7596874124737321681_n.jpg?stp=cp0_dst-jpg_p80x80&_nc_cat=102&ccb=1-7&_nc_sid=befaf1&_nc_ohc=da8kRpBjHk4AX_Nr-Rg&_nc_ht=scontent-atl3-2.xx&oh=00_AfCz6jc7VxJ3Iudf3gw4pY0Yapap17GqdpB6atSW7K1WLg&oe=6509EC12,n/a,n/a,https://www.facebook.com/profile.php?id=100087066714969
https://scontent-atl3-1.xx.fbcdn.net/v/t1.6435-1/122788100_709661386329230_7586973641995428059_n.jpg?stp=cp0_dst-jpg_p80x80&_nc_cat=106&ccb=1-7&_nc_sid=3e7bcd&_nc_ohc=Gh_gaP6gNKYAX-S_mE7&_nc_ht=scontent-atl3-1.xx&oh=00_AfBcT-4_XcXxXRCBdV8t0_4yzGmPFKE5zxoKg_utAcPAVw&oe=652B7435,n/a,n/a,https://www.facebook.com/profile.php?id=100018561241836
https://scontent-atl3-1.xx.fbcdn.net/v/t39.30808-1/295686322_1933965660128338_4433088907048441468_n.jpg?stp=cp0_dst-jpg_p80x80&_nc_cat=109&ccb=1-7&_nc_sid=befaf1&_nc_ohc=ddtRBBuJGo8AX8bStBY&_nc_ht=scontent-atl3-1.xx&oh=00_AfAhQr7gs4E2zUdObflFQXoyS062Ngq4R6kltK4LGXY4Jw&oe=65085D1B,n/a,n/a,https://www.facebook.com/profile.php?id=100005447686419
https://scontent-atl3-2.xx.fbcdn.net/v/t39.30808-1/345143203_230642506236998_4925973498613551570_n.jpg?stp=cp0_dst-jpg_p80x80&_nc_cat=102&ccb=1-7&_nc_sid=befaf1&_nc_ohc=Cj0jcHal3SMAX_haNSz&_nc_ht=scontent-atl3-2.xx&oh=00_AfBSM2SNPNUWb_eU1PU2PKadK8ce-auiVE-SSlIvAwt8Vw&oe=6509378B,n/a,n/a,https://www.facebook.com/aboudi.abdou.351
https://scontent-atl3-1.xx.fbcdn.net/v/t39.30808-1/376883982_122115043814024846_6532825095044125345_n.jpg?stp=cp0_dst-jpg_p80x80&_nc_cat=109&ccb=1-7&_nc_sid=befaf1&_nc_ohc=Hun0C4wxczcAX83YiAP&_nc_ht=scontent-atl3-1.xx&oh=00_AfACICcFAulxJJA8G7GNAaenOsoEMlMvOpBdDtSDD6F3lQ&oe=650810B7,n/a,n/a,https://www.facebook.com/profile.php?id=61550745401042
https://scontent-atl3-2.xx.fbcdn.net/v/t39.30808-1/266075225_987567491795964_4234952155563430219_n.jpg?stp=cp0_dst-jpg_p80x80&_nc_cat=111&ccb=1-7&_nc_sid=befaf1&_nc_ohc=CnI4i8bJqwcAX-EREEH&_nc_ht=scontent-atl3-2.xx&oh=00_AfBpkgZHE8D_WrdSe__4bmJoMbvkbn6CXfCKMvr68VD8IA&oe=6508200C,n/a,n/a,https://www.facebook.com/profile.php?id=100016281678306
https://scontent-atl3-1.xx.fbcdn.net/v/t39.30808-1/315637719_1512202349291077_8722441626892226454_n.jpg?stp=cp0_dst-jpg_p80x80&_nc_cat=109&ccb=1-7&_nc_sid=befaf1&_nc_ohc=shvhh_fg2lYAX9ruAG6&_nc_ht=scontent-atl3-1.xx&oh=00_AfDcHWKHPMVVJ-WvzXblCipcyWcBcRgY8VA9rtlomWiKjQ&oe=65092BF1,n/a,n/a,https://www.facebook.com/profile.php?id=100015039786026
https://scontent-atl3-2.xx.fbcdn.net/v/t1.6435-1/49058295_1055293201346522_4061284812688719872_n.jpg?stp=cp0_dst-jpg_p80x80&_nc_cat=102&ccb=1-7&_nc_sid=3e7bcd&_nc_ohc=XAqybqEy4McAX8tFn0Y&_nc_ht=scontent-atl3-2.xx&oh=00_AfCwdct1mD4IQ4X_KeMOnPnmZSaMlvlYvjtHEliNjKa13w&oe=652B8318,n/a,n/a,https://www.facebook.com/hani.mohammadi.12
https://scontent-atl3-1.xx.fbcdn.net/v/t39.30808-1/341079358_2575720199250690_3130042235662102815_n.jpg?stp=cp0_dst-jpg_p80x80&_nc_cat=100&ccb=1-7&_nc_sid=befaf1&_nc_ohc=JHa7gu4Z7zQAX_Ptr-e&_nc_ht=scontent-atl3-1.xx&oh=00_AfD3HNwAOjsUW7WXEf9LwGBjP8AWMMzrpL4KevCniANUaQ&oe=65092940,n/a,n/a,https://www.facebook.com/profile.php?id=100089949546885
https://scontent-atl3-1.xx.fbcdn.net/v/t1.30497-1/143086968_2856368904622192_1959732218791162458_n.png?stp=cp0_dst-png_p80x80&_nc_cat=1&ccb=1-7&_nc_sid=3e7bcd&_nc_ohc=_ab5UjSXWS0AX-sBgzY&_nc_ht=scontent-atl3-1.xx&oh=00_AfC-LIBSM6lONYkojzUHTiTOPoi7TmN1y3h866v-HqHiAw&oe=652B8CF8,n/a,n/a,https://www.facebook.com/profile.php?id=100084550174380
https://scontent-atl3-2.xx.fbcdn.net/v/t39.30808-1/369374962_874355614370431_2045080621891929970_n.jpg?stp=cp0_dst-jpg_p80x80&_nc_cat=102&ccb=1-7&_nc_sid=befaf1&_nc_ohc=17jRL4JMBgAAX-k0GvA&_nc_ht=scontent-atl3-2.xx&oh=00_AfCuhR3__NEYKvZB9iA1SzaN86k19w1L0dMpxGbka-4R2A&oe=650860AA,n/a,n/a,https://www.facebook.com/ramn.walk
https://scontent-atl3-1.xx.fbcdn.net/v/t39.30808-1/374017515_122093211152036249_8402294256637452854_n.jpg?stp=c0.3.80.80a_cp0_dst-jpg_p80x80&_nc_cat=108&ccb=1-7&_nc_sid=befaf1&_nc_ohc=GmPLj2kQiNYAX8pah5e&_nc_ht=scontent-atl3-1.xx&oh=00_AfA3T4xmy2MFYh9XjonwgdcqKMGFkiwWESI076fXbDK_-g&oe=6508563A,n/a,n/a,https://www.facebook.com/profile.php?id=61551087470521
https://scontent-atl3-1.xx.fbcdn.net/v/t1.18169-1/536885_101429323372117_1879026257_n.jpg?stp=c41.41.515.515a_cp0_dst-jpg_s80x80&_nc_cat=110&ccb=1-7&_nc_sid=3e7bcd&_nc_ohc=JT_PunmrJNQAX_6wWQI&_nc_ht=scontent-atl3-1.xx&oh=00_AfDpNuX_vGvaMEIv1wYh04xECDifIvLJG_ioysGJ_53a5w&oe=652B9A99,n/a,n/a,https://www.facebook.com/baterista.equilibrista
https://scontent-atl3-1.xx.fbcdn.net/v/t39.30808-1/312334633_858912612131021_4566349064983662601_n.jpg?stp=cp0_dst-jpg_p80x80&_nc_cat=108&ccb=1-7&_nc_sid=befaf1&_nc_ohc=CD5vWMEmdE4AX-fdyGO&_nc_ht=scontent-atl3-1.xx&oh=00_AfBMXnzmj5KEwxBqBdKS-70ENncFt3MD2pd3Fl9nBjbN4A&oe=65080D1C,n/a,n/a,https://www.facebook.com/profile.php?id=100040368713374
https://scontent-atl3-2.xx.fbcdn.net/v/t39.30808-1/337847682_541712514766676_875028428074603489_n.jpg?stp=cp0_dst-jpg_p80x80&_nc_cat=111&ccb=1-7&_nc_sid=befaf1&_nc_ohc=3nFoQfb4HagAX9d1oXZ&_nc_ht=scontent-atl3-2.xx&oh=00_AfCPw07fSPpWLBxRye7dJoz2_uUsXIksD8Q64i4qtP5gmA&oe=65080EEC,n/a,n/a,https://www.facebook.com/aymanmostafa20
https://scontent-atl3-1.xx.fbcdn.net/v/t39.30808-1/337720253_736460771456968_2962030970103861413_n.jpg?stp=cp0_dst-jpg_p80x80&_nc_cat=107&ccb=1-7&_nc_sid=befaf1&_nc_ohc=nHjF3gg62_sAX9m70Ju&_nc_ht=scontent-atl3-1.xx&oh=00_AfD4WuTVg2CDWV7PHKhpZIOJvzyMZr9emHS-HkMr274M8g&oe=6509E45D,n/a,n/a,https://www.facebook.com/kamel.baouche.92
https://scontent-atl3-1.xx.fbcdn.net/v/t39.30808-1/280550885_1198433270975906_5559424978806786966_n.jpg?stp=cp0_dst-jpg_p80x80&_nc_cat=106&ccb=1-7&_nc_sid=befaf1&_nc_ohc=nrgSYtej2NAAX96G1tA&_nc_ht=scontent-atl3-1.xx&oh=00_AfDWjGboucmbGCIWjEi0Cmut-DhfFkVutnnUBTEhE9qvzQ&oe=65090FDE,n/a,n/a,https://www.facebook.com/profile.php?id=100024277336134
https://scontent-atl3-2.xx.fbcdn.net/v/t39.30808-1/252171745_102019558961028_7208861944234974764_n.jpg?stp=c0.0.80.80a_cp0_dst-jpg_p80x80&_nc_cat=101&ccb=1-7&_nc_sid=befaf1&_nc_ohc=_0SNSOD4DLQAX8Mp83m&_nc_ht=scontent-atl3-2.xx&oh=00_AfAbFVTHubzdyzalJDplfwaZAUf32YRyt7Fkh2TQmlsQjA&oe=6509E550,n/a,n/a,https://www.facebook.com/profile.php?id=100074589515639
https://scontent-atl3-2.xx.fbcdn.net/v/t39.30808-1/277248736_494801555663253_7842623184299746520_n.jpg?stp=cp0_dst-jpg_p80x80&_nc_cat=104&ccb=1-7&_nc_sid=befaf1&_nc_ohc=RvNJ3QliKMMAX-gHGgc&_nc_ht=scontent-atl3-2.xx&oh=00_AfApRv8oU-5uBQfViUelsbn82rsgfiiQPQ3Yi2nOfrI6WQ&oe=65098CB5,n/a,n/a,https://www.facebook.com/profile.php?id=100054002375289
https://scontent-atl3-1.xx.fbcdn.net/v/t39.30808-1/300773939_827735705256099_5364896462245272633_n.jpg?stp=cp0_dst-jpg_p80x80&_nc_cat=109&ccb=1-7&_nc_sid=befaf1&_nc_ohc=dc8U9KPT3UoAX-lhgeS&_nc_ht=scontent-atl3-1.xx&oh=00_AfC1rXlmyq2Imku5dOWmCoMKkdvfyRDbBvOo5DPkw4xcng&oe=6508C483,n/a,n/a,https://www.facebook.com/profile.php?id=100040590306078
https://scontent-atl3-1.xx.fbcdn.net/v/t1.6435-1/37225256_251512428982133_3009463329241432064_n.jpg?stp=cp0_dst-jpg_p80x80&_nc_cat=109&ccb=1-7&_nc_sid=3e7bcd&_nc_ohc=QxINrP1rRv8AX_2hRYl&_nc_ht=scontent-atl3-1.xx&oh=00_AfB36QdgVlV7dKqzyJL8gzduWPWxgQDlWUfiSOzBMaLbag&oe=652B8228,n/a,n/a,https://www.facebook.com/profile.php?id=100023701329523
https://scontent-atl3-1.xx.fbcdn.net/v/t1.30497-1/143086968_2856368904622192_1959732218791162458_n.png?stp=cp0_dst-png_p80x80&_nc_cat=1&ccb=1-7&_nc_sid=3e7bcd&_nc_ohc=_ab5UjSXWS0AX-sBgzY&_nc_ht=scontent-atl3-1.xx&oh=00_AfC-LIBSM6lONYkojzUHTiTOPoi7TmN1y3h866v-HqHiAw&oe=652B8CF8,n/a,n/a,https://www.facebook.com/profile.php?id=100092511459221
https://scontent-atl3-1.xx.fbcdn.net/v/t39.30808-1/326728223_711059177245936_5355743047185631138_n.jpg?stp=cp0_dst-jpg_p80x80&_nc_cat=109&ccb=1-7&_nc_sid=befaf1&_nc_ohc=qAzI9D-tLmQAX-xEwWo&_nc_ht=scontent-atl3-1.xx&oh=00_AfBiGyIykaz_9xCXH-_4cIJDc1cj2l4E41p297vErX9fPw&oe=650922A6,n/a,n/a,https://www.facebook.com/mohammad.a.ibrahim.71
https://scontent-atl3-2.xx.fbcdn.net/v/t31.18172-1/27912666_829876713850449_1334314121956389605_o.jpg?stp=cp0_dst-jpg_p80x80&_nc_cat=111&ccb=1-7&_nc_sid=3e7bcd&_nc_ohc=C4msJOd_RRAAX91-QeG&_nc_ht=scontent-atl3-2.xx&oh=00_AfD1yFti84_qYF3rNIMC8BwOeFCmkHa6089fQ2YfsTgXlw&oe=652B7C89,n/a,n/a,https://www.facebook.com/profile.php?id=100004843848459
https://scontent-atl3-2.xx.fbcdn.net/v/t39.30808-1/327464308_584976293020636_8269366524475627103_n.jpg?stp=cp6_dst-jpg_p80x80&_nc_cat=101&ccb=1-7&_nc_sid=befaf1&_nc_ohc=ce7HkvE4YBQAX9lVB9p&_nc_ht=scontent-atl3-2.xx&oh=00_AfD5JShf0NOjWyqnEWI0S3Fl3OOtrL4KJgwblNdK241SjQ&oe=6509BB0B,n/a,n/a,https://www.facebook.com/aziz.marzak.9843
https://scontent-atl3-1.xx.fbcdn.net/v/t39.30808-1/361929555_251738680952175_58293910833752658_n.jpg?stp=c0.0.80.80a_cp0_dst-jpg_p80x80&_nc_cat=109&ccb=1-7&_nc_sid=befaf1&_nc_ohc=uNLKnJDBAZMAX_LnKOG&_nc_ht=scontent-atl3-1.xx&oh=00_AfDQVk_kq21PUd36CZZHUOm5pxDE0NIUik-NlH7NPLz8Uw&oe=6509F008,n/a,n/a,https://www.facebook.com/profile.php?id=100083481332633
https://scontent-atl3-1.xx.fbcdn.net/v/t1.30497-1/143086968_2856368904622192_1959732218791162458_n.png?stp=cp0_dst-png_p80x80&_nc_cat=1&ccb=1-7&_nc_sid=3e7bcd&_nc_ohc=_ab5UjSXWS0AX-sBgzY&_nc_ht=scontent-atl3-1.xx&oh=00_AfC-LIBSM6lONYkojzUHTiTOPoi7TmN1y3h866v-HqHiAw&oe=652B8CF8,n/a,n/a,https://www.facebook.com/profile.php?id=100015659225994
https://scontent-atl3-1.xx.fbcdn.net/v/t1.30497-1/143086968_2856368904622192_1959732218791162458_n.png?stp=cp0_dst-png_p80x80&_nc_cat=1&ccb=1-7&_nc_sid=3e7bcd&_nc_ohc=_ab5UjSXWS0AX-sBgzY&_nc_ht=scontent-atl3-1.xx&oh=00_AfC-LIBSM6lONYkojzUHTiTOPoi7TmN1y3h866v-HqHiAw&oe=652B8CF8,n/a,n/a,https://www.facebook.com/profile.php?id=100053767595241
https://scontent-atl3-1.xx.fbcdn.net/v/t1.6435-1/193847393_5861212953903704_538316855789786474_n.jpg?stp=cp0_dst-jpg_p80x80&_nc_cat=107&ccb=1-7&_nc_sid=3e7bcd&_nc_ohc=ukJPn2CMcokAX8WeWT5&_nc_ht=scontent-atl3-1.xx&oh=00_AfAwKeqRRUH8Qldqb1XzMl1ttGLl1oaG3G2f4fgdO0VCaw&oe=652B6880,n/a,n/a,https://www.facebook.com/aniss.mohammed.9
https://scontent-atl3-2.xx.fbcdn.net/v/t39.30808-1/278899869_1954732851402037_7090707250587473717_n.jpg?stp=cp0_dst-jpg_p80x80&_nc_cat=104&ccb=1-7&_nc_sid=befaf1&_nc_ohc=X2b8pqX_TKwAX_Ti-8V&_nc_ht=scontent-atl3-2.xx&oh=00_AfDS0ZGF3CL14QQvRhNuGbnR4DRzWVRxnox27uEtz9zckQ&oe=65093AFF,n/a,n/a,https://www.facebook.com/profile.php?id=100005960229126
https://scontent-atl3-1.xx.fbcdn.net/v/t39.30808-1/370467000_122104015916019656_6348145499812809577_n.jpg?stp=cp0_dst-jpg_p80x80&_nc_cat=106&ccb=1-7&_nc_sid=befaf1&_nc_ohc=Sa74mtlesoQAX_VMHYY&_nc_ht=scontent-atl3-1.xx&oh=00_AfBfk0Z2-SnJqCpZJetVzG2iXLY3L7QsvSLCzYkLNqAZzQ&oe=65082FDB,n/a,n/a,https://www.facebook.com/profile.php?id=61550589690931
https://scontent-atl3-2.xx.fbcdn.net/v/t39.30808-1/358114973_3388160768160735_2627110138545888106_n.jpg?stp=cp0_dst-jpg_p80x80&_nc_cat=101&ccb=1-7&_nc_sid=befaf1&_nc_ohc=3lZyB45eUSYAX_MY_zu&_nc_ht=scontent-atl3-2.xx&oh=00_AfAwTT2sy1O6CU2w5xiSBGjUzipr5JrruzKVXJQKOalAjg&oe=6509E998,n/a,n/a,https://www.facebook.com/profile.php?id=100009005355096
https://scontent-atl3-1.xx.fbcdn.net/v/t1.6435-1/118862151_311941653207623_3359280380483637497_n.jpg?stp=cp0_dst-jpg_p80x80&_nc_cat=106&ccb=1-7&_nc_sid=3e7bcd&_nc_ohc=S87XGjUVi6oAX-o35iL&_nc_ht=scontent-atl3-1.xx&oh=00_AfAyS6ziV0ZZ1PE1_mw8iVpjOznhItxMgVOm8i7a4njCzg&oe=652B919B,n/a,n/a,https://www.facebook.com/moussa.boudraa.904
https://scontent-atl3-2.xx.fbcdn.net/v/t39.30808-1/343331329_965432054469849_4995606918722062044_n.jpg?stp=cp0_dst-jpg_p80x80&_nc_cat=102&ccb=1-7&_nc_sid=befaf1&_nc_ohc=WZC-JpDJIVAAX-tfqBG&_nc_ht=scontent-atl3-2.xx&oh=00_AfCHXZxsDNIAF1p6Tif6rpnjEsB2OZ7p4lajRXs5nLIa2w&oe=65089BA5,n/a,n/a,https://www.facebook.com/profile.php?id=100063893557699
https://scontent-atl3-1.xx.fbcdn.net/v/t39.30808-1/340867065_238488685332125_1029234822960713021_n.jpg?stp=cp0_dst-jpg_p80x80&_nc_cat=109&ccb=1-7&_nc_sid=befaf1&_nc_ohc=OJ_7GzpuW-wAX_qhiwR&_nc_ht=scontent-atl3-1.xx&oh=00_AfBmalyxYU486aQoNVO4n41KKmbKduITOVMIzNpiwhD50A&oe=65084CC8,n/a,n/a,https://www.facebook.com/profile.php?id=100053254429385
https://scontent-atl3-1.xx.fbcdn.net/v/t39.30808-1/348445802_976709123334276_9032424086261829741_n.jpg?stp=cp0_dst-jpg_p80x80&_nc_cat=100&ccb=1-7&_nc_sid=befaf1&_nc_ohc=TbW52Cyl1TQAX-hbAdS&_nc_ht=scontent-atl3-1.xx&oh=00_AfCekfrggb0eAKPNWw-DckRQWhmMpdW96UsdavMmaL_xoA&oe=65080D6A,n/a,n/a,https://www.facebook.com/profile.php?id=100093018065479
https://scontent-atl3-1.xx.fbcdn.net/v/t39.30808-1/342167097_146901935010149_6472084267964811652_n.jpg?stp=cp0_dst-jpg_p80x80&_nc_cat=108&ccb=1-7&_nc_sid=befaf1&_nc_ohc=J6UDQbMi4qoAX_b9gCn&_nc_ht=scontent-atl3-1.xx&oh=00_AfAXvbTr7mtrnfDs5Y87HVFBBLwF5wJ4pleNayhw7dcu7g&oe=65096BCA,n/a,n/a,https://www.facebook.com/profile.php?id=100091326923515
https://scontent-atl3-2.xx.fbcdn.net/v/t39.30808-1/337404414_5769637409814948_2386233688985651130_n.jpg?stp=cp0_dst-jpg_p80x80&_nc_cat=102&ccb=1-7&_nc_sid=befaf1&_nc_ohc=PTgHqPS49ugAX9ha0H1&_nc_oc=AQl0IMv5l26xpR-gH1QVH0r7A06piHYaDMSIEiTNL5vzX03GBsdqmJCD0oVvah2whQc&_nc_ht=scontent-atl3-2.xx&oh=00_AfBJX_U_OTLUEPX2VX5ONehawRfqngNw4q01NKG7DQK9qQ&oe=65084F3C,n/a,n/a,https://www.facebook.com/profile.php?id=100074779286047
https://scontent-atl3-2.xx.fbcdn.net/v/t1.6435-1/122661902_3258588074267450_278724169567010737_n.jpg?stp=c1.0.80.80a_cp0_dst-jpg_p80x80&_nc_cat=102&ccb=1-7&_nc_sid=3e7bcd&_nc_ohc=34IywEciqN0AX_zZOex&_nc_ht=scontent-atl3-2.xx&oh=00_AfCSTchjdFyfSn2mxL-H4wDlo3vw1xZlTGwvdy3lvuU5Gw&oe=652B909D,n/a,n/a,https://www.facebook.com/profile.php?id=100003488689648
https://scontent-atl3-1.xx.fbcdn.net/v/t31.18172-1/10863995_1381025735534744_4534027093960541015_o.jpg?stp=c13.0.80.80a_cp0_dst-jpg_p80x80&_nc_cat=106&ccb=1-7&_nc_sid=3e7bcd&_nc_ohc=v6JvcyyrMr4AX-6nn9e&_nc_ht=scontent-atl3-1.xx&oh=00_AfB0FsTWpyLdrOUZezrD70z9lphAk6pQ9F3LdFZP7rDFOg&oe=652B86F6,n/a,n/a,https://www.facebook.com/profile.php?id=100008819921479
https://scontent-atl3-2.xx.fbcdn.net/v/t39.30808-1/347601230_104168049380854_3410193660856221640_n.jpg?stp=cp0_dst-jpg_p80x80&_nc_cat=111&ccb=1-7&_nc_sid=befaf1&_nc_ohc=I-1XnG9tNlIAX9DshN8&_nc_ht=scontent-atl3-2.xx&oh=00_AfDAXQLCgnuSXqiRSv9o_-mkRfTwzBOpv_a68Vb32OaS2w&oe=65085151,n/a,n/a,https://www.facebook.com/profile.php?id=100093629767180
https://scontent-atl3-1.xx.fbcdn.net/v/t39.30808-1/286679673_108753565195806_9004864806786411868_n.jpg?stp=cp0_dst-jpg_p80x80&_nc_cat=109&ccb=1-7&_nc_sid=befaf1&_nc_ohc=aJrUF_8FiV0AX_gqaZ_&_nc_ht=scontent-atl3-1.xx&oh=00_AfBmf1KuDkMbWZ9mNOx9AUqq1WRxouBQPTBfj5DbDGGdYQ&oe=65099123,n/a,n/a,https://www.facebook.com/profile.php?id=100081834890493
https://scontent-atl3-2.xx.fbcdn.net/v/t39.30808-1/316240855_208485008288105_6377295352232895485_n.jpg?stp=cp0_dst-jpg_p80x80&_nc_cat=105&ccb=1-7&_nc_sid=befaf1&_nc_ohc=48JG_GuCpPcAX-ovj4P&_nc_ht=scontent-atl3-2.xx&oh=00_AfDoo3uUNk9hpRtv2uRuFnV7cIzCHnR5-oTZjM3lfiLiIQ&oe=6508B672,n/a,n/a,https://www.facebook.com/profile.php?id=100073798204789
https://scontent-atl3-2.xx.fbcdn.net/v/t1.6435-1/30412526_2045501695467013_2573437961588703232_n.jpg?stp=cp0_dst-jpg_p80x80&_nc_cat=102&ccb=1-7&_nc_sid=3e7bcd&_nc_ohc=__8UV_cwQlYAX8TpUEI&_nc_ht=scontent-atl3-2.xx&oh=00_AfBmtSw4ZHF4WCDmqpLqiPAZxM6ghrIIQzHdoT_1s5eQEw&oe=652B7868,n/a,n/a,https://www.facebook.com/shosho.alr.3
https://scontent-atl3-1.xx.fbcdn.net/v/t1.30497-1/143086968_2856368904622192_1959732218791162458_n.png?stp=cp0_dst-png_p80x80&_nc_cat=1&ccb=1-7&_nc_sid=3e7bcd&_nc_ohc=_ab5UjSXWS0AX-sBgzY&_nc_ht=scontent-atl3-1.xx&oh=00_AfC-LIBSM6lONYkojzUHTiTOPoi7TmN1y3h866v-HqHiAw&oe=652B8CF8,n/a,n/a,https://www.facebook.com/profile.php?id=100076864980296
https://scontent-atl3-2.xx.fbcdn.net/v/t39.30808-1/337110503_225549300005649_8961519776583366039_n.jpg?stp=cp0_dst-jpg_p80x80&_nc_cat=102&ccb=1-7&_nc_sid=befaf1&_nc_ohc=-qZcXTzOWIEAX-pyuA5&_nc_ht=scontent-atl3-2.xx&oh=00_AfBuwSaf8GLCaJEWEX-FOI1fhQeO873PfFO7U6fyoPmloA&oe=6509A775,n/a,n/a,https://www.facebook.com/plombier.chofagiste
https://scontent-atl3-1.xx.fbcdn.net/v/t1.6435-1/203149394_133827162179394_5685178563926907359_n.jpg?stp=cp0_dst-jpg_p80x80&_nc_cat=100&ccb=1-7&_nc_sid=3e7bcd&_nc_ohc=tINOHvVywWYAX-UzbJk&_nc_ht=scontent-atl3-1.xx&oh=00_AfDvJ70_cr2OSzC0xEQMWI5wHTXCOgZWVeacUPsRrOjWAQ&oe=652B879B,n/a,n/a,https://www.facebook.com/dalal.mahmoud.792
https://scontent-atl3-1.xx.fbcdn.net/v/t39.30808-1/359210346_6333133980089794_6177601922326363125_n.jpg?stp=cp0_dst-jpg_p80x80&_nc_cat=100&ccb=1-7&_nc_sid=befaf1&_nc_ohc=NIdF05Q409IAX-mpHP9&_nc_ht=scontent-atl3-1.xx&oh=00_AfCLewf3R-f9muLUHPsv3tE4auw3ErWkUuCqHKUDrdnUFA&oe=65093288,n/a,n/a,https://www.facebook.com/badr.moon.9
https://scontent-atl3-1.xx.fbcdn.net/v/t39.30808-1/363340643_3504276919888921_5919550225980001460_n.jpg?stp=cp0_dst-jpg_p80x80&_nc_cat=109&ccb=1-7&_nc_sid=befaf1&_nc_ohc=zSClGFadLJ4AX9rAbQM&_nc_ht=scontent-atl3-1.xx&oh=00_AfABqXi72Ilb5vmcaPA3jY8e0e0xtKxssMVGPkS4e5GYNw&oe=6509842D,n/a,n/a,https://www.facebook.com/profile.php?id=100009199410613
https://scontent-atl3-1.xx.fbcdn.net/v/t39.30808-1/367744257_2020266854974975_2808642331919385979_n.jpg?stp=cp0_dst-jpg_p80x80&_nc_cat=108&ccb=1-7&_nc_sid=befaf1&_nc_ohc=A5oEaBs5KD4AX_h1sXv&_nc_ht=scontent-atl3-1.xx&oh=00_AfDwNAyZrJx-zo7wu0-I_yk_s7axmotE4Qt_7O3vfFEr5g&oe=6509C47E,n/a,n/a,https://www.facebook.com/profile.php?id=100009750396082
https://scontent-atl3-2.xx.fbcdn.net/v/t1.6435-1/119058652_114266753747882_2105653254633230577_n.jpg?stp=cp0_dst-jpg_p80x80&_nc_cat=101&ccb=1-7&_nc_sid=3e7bcd&_nc_ohc=8oIYJGwiFJAAX-rSki2&_nc_ht=scontent-atl3-2.xx&oh=00_AfAnfvOm5_PSHptID9GkDCMGTsjee-MmOZsAdKaH_ZvZuQ&oe=652B66DB,n/a,n/a,https://www.facebook.com/profile.php?id=100054936742136
https://scontent-atl3-1.xx.fbcdn.net/v/t31.18172-1/29665496_1254481058029526_1483723149132326991_o.jpg?stp=c0.0.80.80a_cp0_dst-jpg_p80x80&_nc_cat=110&ccb=1-7&_nc_sid=3e7bcd&_nc_ohc=pGFjqnlz5qwAX-a3Ox3&_nc_ht=scontent-atl3-1.xx&oh=00_AfAfMeVXjf2L-BGv7wqOD5cLd3wyxGtVdRS0SvlRcZA-6g&oe=652B8B1E,n/a,n/a,https://www.facebook.com/halimbade.dadi
https://scontent-atl3-2.xx.fbcdn.net/v/t39.30808-1/331514613_852168502551555_307161106812862310_n.jpg?stp=cp0_dst-jpg_p80x80&_nc_cat=102&ccb=1-7&_nc_sid=befaf1&_nc_ohc=puzInadxMuQAX8eSCYe&_nc_ht=scontent-atl3-2.xx&oh=00_AfCJQnN9BJeJSCw_-LhLuG51zO5EO0eGGRq-2J45dQGEhw&oe=6508C2AA,n/a,n/a,https://www.facebook.com/profile.php?id=100069609135588
https://scontent-atl3-1.xx.fbcdn.net/v/t1.6435-1/129151851_2724187351163827_4252199592069087172_n.jpg?stp=cp0_dst-jpg_p80x80&_nc_cat=100&ccb=1-7&_nc_sid=3e7bcd&_nc_ohc=IQGzb5ndT9UAX-Bnb9v&_nc_ht=scontent-atl3-1.xx&oh=00_AfBt0KzjMbOz9tXqrp7ljGGSHVwkA7bQICImXbYaeDqiAw&oe=652B71B1,n/a,n/a,https://www.facebook.com/profile.php?id=100007177662837
https://scontent-atl3-1.xx.fbcdn.net/v/t39.30808-1/323940605_494605486147312_2966087602434891205_n.jpg?stp=cp0_dst-jpg_p80x80&_nc_cat=107&ccb=1-7&_nc_sid=befaf1&_nc_ohc=9IkK6SKfBHQAX9zCuPr&_nc_ht=scontent-atl3-1.xx&oh=00_AfDNc668HMBKNlNGXfxjkMPvZjqEtq10GVIzXkc0JOX74Q&oe=6509209A,n/a,n/a,https://www.facebook.com/profile.php?id=100088886696818
https://scontent-atl3-1.xx.fbcdn.net/v/t1.6435-1/69052255_2396140980709770_6371687329119076352_n.jpg?stp=c0.0.80.80a_cp0_dst-jpg_p80x80&_nc_cat=108&ccb=1-7&_nc_sid=3e7bcd&_nc_ohc=BsdaRWsLMFwAX_IzukO&_nc_ht=scontent-atl3-1.xx&oh=00_AfDMbWnkxECnTJJ8JwSBE3G-KsDZPnWLt41Hl93rt8zLiQ&oe=652B89FA,n/a,n/a,https://www.facebook.com/profile.php?id=100009416745741
https://scontent-atl3-1.xx.fbcdn.net/v/t39.30808-1/353450323_113097918476884_2618069769498948584_n.jpg?stp=cp0_dst-jpg_p80x80&_nc_cat=103&ccb=1-7&_nc_sid=befaf1&_nc_ohc=GhMMg-Dx9rgAX9Dt-1Q&_nc_ht=scontent-atl3-1.xx&oh=00_AfCOamDRxqrP0R8FTrVhGnHqhboPAbV7xYXKubMiYMXk_g&oe=6508E293,n/a,n/a,https://www.facebook.com/profile.php?id=100093300292548
